Job ID,Job URL,Job Title,Company Name,Status,Timestamp,WP ID
f2eef1dc20a9c651,https://www.linkedin.com/jobs/view/2023/,"1,000+Senior Unix System Administrator Jobs in United States",,failed|wp_post_failed,2026-07-06T23:51:32.142958,
b66b608b0b7c7800,https://al.linkedin.com/jobs/view/bro-jobs-check-posts-qualification-salary-and-more-at-the-kashmir-monitor-4435461073,"BRO jobs: Check posts, qualification, salary, and more",,scraped,2026-07-06T23:51:34.534629,
e730b3ea588c8892,https://al.linkedin.com/jobs/view/real-estate-sales-4433903746,Real Estate Sales,The SunSet Luxury Real Estate,posted,2026-07-06T23:51:49.770498,21
9022bc18ee6cbd18,https://al.linkedin.com/jobs/view/carpenter-helper-various-locations-at-yates-construction-4378761740,Carpenter Helper - Various Locations,Yates Construction,posted,2026-07-06T23:51:58.154191,23
fa2e11102e2643b5,https://al.linkedin.com/jobs/view/instrumentation-helper-various-locations-at-yates-construction-4378755962,Instrumentation Helper -Various Locations,Yates Construction,posted,2026-07-06T23:52:06.691695,25
b1b8b2b4d56d2b89,https://al.linkedin.com/jobs/view/sales-manager-at-peekabooal-4437115273,Sales Manager,PEEKABOOAL,posted,2026-07-06T23:52:16.499363,27
f70456076dcb5d73,https://al.linkedin.com/jobs/view/real-estate-agent-at-century-21-west-4436495995,Real Estate Agent,,scraped,2026-07-06T23:52:19.081526,
f45569fb611d9a52,https://al.linkedin.com/jobs/view/financier-at-albaseed-4436313377,Financier,,scraped,2026-07-06T23:52:26.193573,
20b81c7cd64f7f37,https://al.linkedin.com/jobs/view/purchase-specialist-at-kalaja-talent-consulting-4433918895,Purchase Specialist,,scraped,2026-07-06T23:52:32.559498,
6e431523a705aada,https://al.linkedin.com/jobs/view/commercial-organization-development-specialist-at-philip-morris-international-4426330901,Commercial Organization Development Specialist,,scraped,2026-07-06T23:52:39.175570,
24e72a744e080b43,https://al.linkedin.com/jobs/view/junior-accountant-at-accountancy-practice-assistant-ltd-4432787516,Junior Accountant,,scraped,2026-07-06T23:52:46.228654,
859329fd31da74f2,https://al.linkedin.com/jobs/view/vodafone-albania-discover-graduate-at-vodafone-4433960130,Vodafone Albania Discover Graduate,,scraped,2026-07-06T23:52:53.112516,
1ab2e5b5681158fe,https://al.linkedin.com/jobs/view/aide-%C3%A0-domicile-h-f-at-destia-montpellier-mill%C3%A9naire-4436962433,Aide à domicile (H/F),,scraped,2026-07-06T23:52:59.958953,
c69d9351ae53b762,https://al.linkedin.com/jobs/view/channel-development-manager-sales-business-development-at-xiaomi-technology-4435405449,Channel Development Manager (Sales/Business Development),,scraped,2026-07-06T23:53:06.736617,
e1efe1fce55fe0dc,https://al.linkedin.com/jobs/view/english-albanian-english-translator-full-time-at-alba-global-group-shpk-4433929030,English-Albanian-English Translator (Full Time),,scraped,2026-07-06T23:53:14.569643,
452516b0ce0fd2fb,https://al.linkedin.com/jobs/view/virtual-assistant-at-cs-outsource-4435796883,Virtual Assistant,CS Outsource,posted,2026-07-06T23:53:28.906673,29
0b3f1a7b3bbef19c,https://al.linkedin.com/jobs/view/auditeur-financier-h-f-at-l-usine-nouvelle-4433785362,Auditeur Financier (H/F),L'Usine Nouvelle,posted,2026-07-06T23:53:41.492218,31
d0ae669ab9454af3,https://al.linkedin.com/jobs/view/analista-dati-at-mare-group-4437143867,Analista dati,,scraped,2026-07-06T23:53:44.089675,
18c5d13478420752,https://al.linkedin.com/jobs/view/entrepreneur-in-residence-eir-at-the-flex-4436952202,Entrepreneur in Residence (EIR),,scraped,2026-07-06T23:53:51.438724,
cd47e5bfb66bea22,https://al.linkedin.com/jobs/view/finance-specialist-at-heb-s-albania-4433705884,Finance Specialist,,scraped,2026-07-06T23:53:58.269512,
27b290a042b97dec,https://al.linkedin.com/jobs/view/financial-controller-at-groupe-barri%C3%A8re-4435818270,Financial Controller,,scraped,2026-07-06T23:54:04.204738,
fae58e4f1e757c80,https://al.linkedin.com/jobs/view/national-consultant-to-provide-technical-assistance-to-the-ministry-of-health-and-social-welfare-and-to-46-municipalities-to-scale-up-the-local-social-fund-social-protection-tirana-albania-remote-at-unicef-bangladesh-4436205682,"National Consultant to provide technical assistance to the Ministry of Health and Social Welfare and to 46 municipalities to scale up the Local Social Fund, Social Protection, Tirana, Albania, Remote",,scraped,2026-07-06T23:54:12.162948,
479b2db4c744b292,https://al.linkedin.com/jobs/view/portofolio-specialist-photovoltaic-heat-pump-entry-level-f-m-x-at-enpal-4402926920,Portofolio Specialist / Photovoltaic Heat Pump / Entry Level (f/m/x),,scraped,2026-07-06T23:54:18.983167,
f277e3149514d51f,https://al.linkedin.com/jobs/view/assistant-comptable-h-f-at-l-usine-nouvelle-4433790248,Assistant Comptable (H/F),L'Usine Nouvelle,posted,2026-07-06T23:54:34.778119,33
f73303652220910b,https://al.linkedin.com/jobs/view/specialista-network-security-at-lutech-4436713679,Specialista Network Security,,scraped,2026-07-06T23:54:37.362794,
7333cff4e20a5f95,https://al.linkedin.com/jobs/view/content-creator-social-media-manager-at-elite-station-4432787546,Content Creator & Social Media Manager,,scraped,2026-07-06T23:54:44.071586,
c0b29d86f74400bb,https://al.linkedin.com/jobs/view/cardiology-patient-navigator-at-jobera-com-4435412222,Cardiology Patient Navigator,Jobera.com,posted,2026-07-06T23:54:55.594418,35
fae176af18edd6fe,https://al.linkedin.com/jobs/view/gestionnaire-de-paie-h-f-at-l-usine-nouvelle-4433791171,Gestionnaire de paie (H/F),L'Usine Nouvelle,posted,2026-07-06T23:55:08.642952,37
bcc77e02f1ff4029,https://al.linkedin.com/jobs/view/menaxher-i-marr%C3%ABdh%C3%ABnieve-me-klientin-crm-dega-peshkopi-at-otp-bank-albania-4432767291,"Menaxher i Marrëdhënieve me Klientin (CRM), Dega Peshkopi",OTP Bank Albania,posted,2026-07-06T23:55:19.834503,39
bc22dc45c3df237f,https://al.linkedin.com/jobs/view/agjente-shitjesh-at-omnes-agency-4432364060,Agjente Shitjesh,,scraped,2026-07-06T23:55:22.419603,
53271e27ba612ce6,https://al.linkedin.com/jobs/view/cyber-security-architect-at-almotech-4432786531,Cyber Security Architect,,scraped,2026-07-06T23:55:31.207126,
ad078103d6b35ee3,https://al.linkedin.com/jobs/view/agente-customer-service-italiano-%2B-inglese-sede-a-tirana-at-wolt-4436029577,"Agente Customer Service (Italiano + Inglese), sede a Tirana",,scraped,2026-07-06T23:55:37.681534,
0be6917fd3968a3b,https://al.linkedin.com/jobs/view/chief-accountant-at-krka-4433190057,Chief Accountant,,scraped,2026-07-06T23:55:44.761507,
7c09f9b90d5bfff2,https://al.linkedin.com/jobs/view/etl-engineer-remote-work-at-bairesdev-4436230470,ETL Engineer - Remote Work,BairesDev,posted,2026-07-06T23:55:57.360344,41
83da8327faf9b393,https://al.linkedin.com/jobs/view/growth-marketer-at-the-flex-4436768723,Growth Marketer,,scraped,2026-07-06T23:56:00.035429,
f115f0b5f25628ea,https://al.linkedin.com/jobs/view/chef-de-mission-h-f-at-l-usine-nouvelle-4433789242,Chef de Mission (H/F),L'Usine Nouvelle,posted,2026-07-06T23:56:15.773155,43
943fc348fd7cb432,https://al.linkedin.com/jobs/view/lider-liderka-zmiany-at-dealz-poland-4431934971,Lider / Liderka zmiany,,scraped,2026-07-06T23:56:18.399399,
121c7d4da8f79369,https://al.linkedin.com/jobs/view/senior-user-acquisition-manager-at-ruby-labs-4437449894,Senior User Acquisition Manager,Ruby Labs,posted,2026-07-06T23:56:30.801838,45
62715645f0346575,https://al.linkedin.com/jobs/view/engineering-manager-100%25-remote-emea-cloud-computing-at-pragmatike-4435599976,Engineering Manager (100% Remote EMEA) - Cloud Computing,,scraped,2026-07-06T23:56:33.379083,
a71b39d8b67bad12,https://al.linkedin.com/jobs/view/back-office-support-at-sisal-hub-albania-4426340733,Back Office Support,,scraped,2026-07-06T23:56:39.601214,
e1884d5fddbb59b5,https://al.linkedin.com/jobs/view/national-consultant-to-provide-technical-assistance-to-the-ministry-of-health-and-social-welfare-and-to-46-municipalities-to-scale-up-the-local-social-fund-social-protection-tirana-albania-remote-at-unicef-chad-4433980184,"National Consultant to provide technical assistance to the Ministry of Health and Social Welfare and to 46 municipalities to scale up the Local Social Fund, Social Protection, Tirana, Albania, Remote",Unicef CHAD,posted,2026-07-06T23:57:02.389548,47
86d89b8c579e5451,https://al.linkedin.com/jobs/view/safe%C2%AE-product-owner-at-lufthansa-industry-solutions-4431934004,SAFe® Product Owner,,scraped,2026-07-06T23:57:05.003646,
79f422113d1e223a,https://al.linkedin.com/jobs/view/ml-ai-engineer-at-expert-executive-recruiters-eer-global-4429650061,ML/ AI Engineer,Expert Executive Recruiters (EER Global),posted,2026-07-06T23:57:16.555360,49
4c281da95cf37c6c,https://al.linkedin.com/jobs/view/healthtech-co-founder-cpto-100-%25-remote-m-f-d-at-ewor-4435481403,HealthTech Co-Founder / CPTO (100 % remote) (m/f/d),,scraped,2026-07-06T23:57:19.201148,
1914d425a2425e62,https://al.linkedin.com/jobs/view/pharmaceutical-medical-representative-at-partners-pharma-4433988895,Pharmaceutical Medical Representative,,scraped,2026-07-06T23:57:25.725636,
a5cccb1b115ecd47,https://al.linkedin.com/jobs/view/menaxher-e-per-blerjet-crowne-plaza-durres-at-crowne-plaza-durres-by-ihg-4433709052,Menaxher/e per Blerjet Crowne Plaza Durres,Crowne Plaza Durres by IHG,posted,2026-07-06T23:57:39.227423,51
4c98c5f77676083e,https://al.linkedin.com/jobs/view/marketing-informues-b2b-italisht-at-hitweb-it-4431576565,Marketing informues B2B-Italisht,Hitweb.it,posted,2026-07-06T23:57:53.008894,53
892dc472b983e0f9,https://al.linkedin.com/jobs/view/audit-and-assurance-intern-at-pwc-albania-and-kosovo-4436250076,Audit and Assurance Intern,PwC Albania and Kosovo,posted,2026-07-06T23:58:03.117180,55
2196d4f59106de4d,https://al.linkedin.com/jobs/view/investment-reporting-associate-at-deloitte-4433166868,Investment Reporting Associate,Deloitte,posted,2026-07-06T23:58:11.512600,57
75e39b73eceeed22,https://al.linkedin.com/jobs/view/social-media-manager-at-mania-advertising-maniacard-4433935251,Social Media Manager,,scraped,2026-07-06T23:58:14.144227,
48daf91e98a42a6c,https://al.linkedin.com/jobs/view/teknik-linje-prodhimi-at-atronix-4432779677,Teknik Linje Prodhimi,,scraped,2026-07-06T23:58:22.993623,
706f6e77b1083c8c,https://al.linkedin.com/jobs/view/specialist-e-prokurimi-inxhinier-e-nd%C3%ABrtimi-at-vibtis-4432777437,SPECIALIST/E PROKURIMI - INXHINIER/E NDËRTIMI,,scraped,2026-07-06T23:58:33.838621,
d079af81d33d3cd2,https://al.linkedin.com/jobs/view/inxhinier-strukturist-at-high-tech-construction-shpk-4433184914,Inxhinier Strukturist,,scraped,2026-07-06T23:58:41.952609,
0934c29f98f5c27a,https://al.linkedin.com/jobs/view/garment-technician-at-musabelliu-4433926380,Garment Technician,MUSABELLIU,posted,2026-07-06T23:58:56.003553,59
fe586479ad518401,https://al.linkedin.com/jobs/view/marketing-informues-b2b-gjuha-italiane-at-hitweb-it-4433929609,Marketing Informues B2B - Gjuha italiane,Hitweb.it,posted,2026-07-06T23:59:09.614190,61
c62144917d12a281,https://al.linkedin.com/jobs/view/it-application-administrator-at-deloitte-4433938498,IT Application Administrator,Deloitte,posted,2026-07-06T23:59:18.495894,63
dbdd95c1e74c014f,https://al.linkedin.com/jobs/view/travel-agent-spanish-speaking-at-bizaway-4416700616,Travel Agent - Spanish Speaking,,scraped,2026-07-06T23:59:21.121843,
223430514e9fef3e,https://al.linkedin.com/jobs/view/applied-ai-co-founder-cco-100-%25-remote-m-f-d-at-ewor-4435473813,Applied AI Co-Founder / CCO (100 % remote) (m/f/d),,scraped,2026-07-06T23:59:27.799626,
869f9afa0c3b01b7,https://al.linkedin.com/jobs/view/sales-call-center-agent-italian-speaking-at-neo-group-4437189707,Sales Call Center Agent (Italian-speaking),,scraped,2026-07-06T23:59:34.348196,
7244382882a97751,https://al.linkedin.com/jobs/view/market-clerk-at-brookshire-grocery-company-4436132737,Market Clerk,Brookshire Grocery Company,posted,2026-07-06T23:59:47.779348,65
be3366f437b6a2d4,https://al.linkedin.com/jobs/view/senior-agri-food-logistics-cold-chain-expert-at-ntu-international-a-s-4436701377,Senior Agri-Food Logistics / Cold Chain Expert,,scraped,2026-07-06T23:59:50.430368,
119d69ab69999f38,https://al.linkedin.com/jobs/view/gymnastics-instructor-at-the-little-gym-of-silver-spring-4432318639,Gymnastics Instructor,The Little Gym of Silver Spring,posted,2026-07-07T00:00:06.906608,67
27358cf755e6900d,https://al.linkedin.com/jobs/view/salesforce-developer-at-ofive-global-4433103148,Salesforce Developer,Ofive Global,posted,2026-07-07T00:00:16.589567,69
7c8e882a4f5cc798,https://al.linkedin.com/jobs/view/value-excellence-planning-expert-at-domp%C3%A9-4433307061,Value Excellence & Planning Expert,,scraped,2026-07-07T00:00:19.546591,
929577e82e75fc75,https://al.linkedin.com/jobs/view/back-office-specialist-italian-language-inserim-te-dhenash-at-enpal-4401066555,Back Office Specialist (Italian Language) - inserim te dhenash,,scraped,2026-07-07T00:00:26.874312,
76fcf343c139c4bf,https://al.linkedin.com/jobs/view/senior-react-native-developer-at-ruby-labs-4436909883,Senior React Native Developer,Ruby Labs,posted,2026-07-07T00:00:39.587627,71
7eea4855f10f2a01,https://al.linkedin.com/jobs/view/workday-bootcamp-24%E2%80%9325-sept-junior-integration-consultant-tirana-at-deloitte-4432360762,Workday Bootcamp (24–25 Sept) | Junior Integration Consultant | Tirana,Deloitte,posted,2026-07-07T00:00:48.408196,73
2138d069528412fc,https://al.linkedin.com/jobs/view/german-speaking-customer-service-specialist-at-acca19-4433941854,German Speaking Customer Service Specialist,,scraped,2026-07-07T00:00:51.051322,
c6f032997b560042,https://al.linkedin.com/jobs/view/accounting-executive-based-in-pristina-at-bat-4432342517,Accounting Executive based in Pristina,,scraped,2026-07-07T00:00:59.055671,
f62899f17eee0cb0,https://al.linkedin.com/jobs/view/senior-training-and-capacity-development-expert-at-ntu-international-a-s-4434990247,Senior Training and Capacity Development Expert,,scraped,2026-07-07T00:01:05.990722,
1bad18c36f6c1edb,https://al.linkedin.com/jobs/view/o-m-technician-m-f-at-voltalia-4435828346,O&M Technician M/F,Voltalia,posted,2026-07-07T00:01:58.920256,75
265c1043e24b12d4,https://al.linkedin.com/jobs/view/ai-engineer-technical-lead-at-vodafone-4432782783,AI Engineer Technical Lead,,scraped,2026-07-07T00:02:01.584954,
2c3e7da0d5a5f5f1,https://al.linkedin.com/jobs/view/service-foreman-at-rogers-electric-4405159183,Service Foreman,Rogers Electric,posted,2026-07-07T00:03:18.037222,77
c499b919c00629bd,https://al.linkedin.com/jobs/view/german-english-customer-support-specialist-%E2%80%93-chat-email-phone-100%25-remote-at-talentpop-app-4433909815,"German-English Customer Support Specialist – Chat, Email & Phone (100% Remote)",TalentPop App,posted,2026-07-07T00:03:26.963845,79
e847a66afb708b32,https://al.linkedin.com/jobs/view/ux-ui-designer-at-the-flex-4436392139,UX/UI Designer,,scraped,2026-07-07T00:03:29.620005,
400af563657653bb,https://al.linkedin.com/jobs/view/senior-distributed-systems-engineer-remote-work-ref%23293767-at-bairesdev-4426567328,Senior Distributed Systems Engineer - Remote Work | REF#293767,BairesDev,posted,2026-07-07T00:04:46.426556,81
b83fcef3c0556d49,https://al.linkedin.com/jobs/view/query-engine-engineer-apache-trino-internals-remote-work-ref%23294361-at-bairesdev-4426559451,Query Engine Engineer (Apache Trino Internals) - Remote Work | REF#294361,BairesDev,posted,2026-07-07T00:04:54.477135,83
15122278c279176e,https://al.linkedin.com/jobs/view/expert-comptable-m%C3%A9morialiste-h-f-at-l-usine-nouvelle-4433775990,Expert-Comptable Mémorialiste (H/F),L'Usine Nouvelle,posted,2026-07-07T00:05:07.885962,85
8080b964ab6f381b,https://al.linkedin.com/jobs/view/senior-data-platform-engineer-remote-work-ref%23293878-at-bairesdev-4426563351,Senior Data Platform Engineer - Remote Work | REF#293878,BairesDev,posted,2026-07-07T00:05:15.466088,87
e5be73e7b554febd,https://al.linkedin.com/jobs/view/juriste-droit-des-affaires-h-f-at-l-usine-nouvelle-4433780750,Juriste Droit des Affaires H/F,L'Usine Nouvelle,posted,2026-07-07T00:05:28.060179,89
67254918407b8158,https://al.linkedin.com/jobs/view/%F0%9F%87%A9%F0%9F%87%AA-german-english-customer-support-specialist-kundenservice-kundenbetreuung-%E2%80%93-100%25-pun%C3%AB-nga-sht%C3%ABpia-at-talentpop-app-4433911748,🇩🇪 German-English Customer Support Specialist (Kundenservice / Kundenbetreuung) – 100% Punë nga Shtëpia,TalentPop App,posted,2026-07-07T00:05:37.753124,91
841226c3a1734ba1,https://al.linkedin.com/jobs/view/%F0%9F%87%A9%F0%9F%87%AA-german-english-customer-support-specialist-kundenservice-kundenbetreuung-%E2%80%93-100%25-pun%C3%AB-nga-sht%C3%ABpia-at-talentpop-app-4433928180,🇩🇪 German-English Customer Support Specialist (Kundenservice / Kundenbetreuung) – 100% Punë nga Shtëpia,TalentPop App,posted,2026-07-07T00:05:46.211616,93
a4a4256f4e5870b7,https://al.linkedin.com/jobs/view/%F0%9F%87%A9%F0%9F%87%AA-german-english-customer-support-specialist-kundenservice-kundenbetreuung-%E2%80%93-100%25-pun%C3%AB-nga-sht%C3%ABpia-at-talentpop-app-4433915561,🇩🇪 German-English Customer Support Specialist (Kundenservice / Kundenbetreuung) – 100% Punë nga Shtëpia,TalentPop App,posted,2026-07-07T00:05:55.445632,95
83f90aae464c5c0c,https://al.linkedin.com/jobs/view/stream-processing-engineer-apache-flink-internals-remote-work-ref%23294315-at-bairesdev-4426561435,Stream Processing Engineer (Apache Flink Internals) - Remote Work | REF#294315,BairesDev,posted,2026-07-07T00:06:04.097134,97
0f4229d0778aaa14,https://al.linkedin.com/jobs/view/senior-data-engineer-aws-python-at-proxify-4335272730,Senior Data Engineer (AWS & Python),,scraped,2026-07-07T00:06:06.666893,
b3f8c502edc4a541,https://al.linkedin.com/jobs/view/transaction-corporate-finance-manager-at-bip-4434973165,Transaction & Corporate Finance Manager,BIP,posted,2026-07-07T00:07:25.741802,99
48d8c96cecbb814d,https://al.linkedin.com/jobs/view/customer-service-advisor-airbnb-italian-at-concentrix-4373139243,Customer Service Advisor - Airbnb - Italian,Concentrix,posted,2026-07-07T00:07:34.877349,101
187551dcbf80c028,https://al.linkedin.com/jobs/view/responsabile-macelleria-at-manpowergroup-4433161920,Responsabile macelleria,ManpowerGroup,posted,2026-07-07T00:07:44.034333,103
bf2728fb4ab73384,https://al.linkedin.com/jobs/view/german-teacher-at-akro-center-4433749525,German Teacher,,scraped,2026-07-07T00:07:46.668986,
fd2054c3a6e3f244,https://al.linkedin.com/jobs/view/senior-sap-fi-consultant-at-engineering-albania-4432356050,Senior SAP FI Consultant,,scraped,2026-07-07T00:07:53.174558,
eace45edbc4a674f,https://al.linkedin.com/jobs/view/certification-business-support-advisor-with-italian-at-rina-4425836695,Certification Business Support Advisor with Italian,,scraped,2026-07-07T00:08:00.368951,
e90df6baf5033329,https://al.linkedin.com/jobs/view/senior-software-engineer-c%2B%2B-remote-work-ref%23289890-at-bairesdev-4420450895,Senior Software Engineer (C++) - Remote Work | REF#289890,BairesDev,posted,2026-07-07T00:08:13.106790,105
7612bba6d87e8899,https://al.linkedin.com/jobs/view/senior-next-js-developer-at-proxify-4300869221,Senior Next.js Developer,,scraped,2026-07-07T00:08:15.739994,
a5fa142ee70c42ba,https://al.linkedin.com/jobs/view/sap-advanced-business-application-programming-developer-at-lutech-4431593395,Sap Advanced Business Application Programming Developer,,scraped,2026-07-07T00:09:26.217048,
c9be2370618bcc09,https://al.linkedin.com/jobs/view/senior-software-engineer-java-%2B-observability-remote-work-ref%23293958-at-bairesdev-4426562411,Senior Software Engineer (Java + Observability) - Remote Work | REF#293958,BairesDev,posted,2026-07-07T00:09:40.252203,107
12564e651f75326c,https://al.linkedin.com/jobs/view/senior-software-engineer-go-%2B-kubernetes-remote-work-ref%23294024-at-bairesdev-4426571132,Senior Software Engineer (Go + Kubernetes) - Remote Work | REF#294024,BairesDev,posted,2026-07-07T00:09:48.828703,109
ced290ce7a5caea9,https://al.linkedin.com/jobs/view/senior-analyst-supply-analytics-bangkok-based-relocation-provided-at-agoda-4299778137,"Senior Analyst (Supply Analytics, Bangkok-based, Relocation provided)",Agoda,posted,2026-07-07T00:10:02.691586,111
eb5274dec78fc803,https://al.linkedin.com/jobs/view/staff-systems-engineer-c%2B%2B-remote-work-ref%23289959-at-bairesdev-4420465455,Staff Systems Engineer (C++) - Remote Work | REF#289959,BairesDev,posted,2026-07-07T00:10:12.031408,113
47c6ea8e3fc74820,https://al.linkedin.com/jobs/view/senior-platform-engineer-kubernetes-remote-work-ref%23294029-at-bairesdev-4426560353,Senior Platform Engineer (Kubernetes) - Remote Work | REF#294029,BairesDev,posted,2026-07-07T00:10:20.221077,115
1ad98b2263b5200f,https://al.linkedin.com/jobs/view/internal-listing-water-wastewater-operator-iii-technician-at-city-of-tulsa-4435367118,INTERNAL LISTING - WATER/WASTEWATER OPERATOR III TECHNICIAN,City of Tulsa,posted,2026-07-07T11:23:51.757780,117
af2e1eda2f97e09e,https://al.linkedin.com/jobs/view/personal-banker-at-tirana-bank-4435539323,Personal Banker,Tirana Bank,posted,2026-07-07T11:24:03.537698,119
ea611b046bafee63,https://al.linkedin.com/jobs/view/customer-service-representative-full-time-at-wolt-4436027618,Customer Service Representative (full-time),,scraped,2026-07-07T11:24:08.190836,
e349ff7938787065,https://al.linkedin.com/jobs/view/receptionist-hotel-at-chianti-restorations-srl-luxury-property-restoration-company-4434519673,Receptionist hotel,CHIANTI RESTORATIONS srl - Luxury Property Restoration Company,posted,2026-07-07T11:24:59.811898,121
221ec3f0f3eabc69,https://al.linkedin.com/jobs/view/social-media-and-marketing-manager-at-accor-4436218001,Social Media and Marketing Manager,Accor,posted,2026-07-07T11:25:15.926921,123
3e6a1ccaa19da469,https://al.linkedin.com/jobs/view/sales-manager-us-market-at-crystalia-glass-llc-4436766295,Sales Manager (US Market),Crystalia Glass LLC,posted,2026-07-07T11:25:26.184320,125
17ea3a52f5faa585,https://al.linkedin.com/jobs/view/project-assistant-g5-extra-budgetary-project-on-media-at-osce-4432799431,"Project Assistant (G5), Extra Budgetary Project on Media",,scraped,2026-07-07T11:25:36.780595,
1175d5df2d6a8259,https://al.linkedin.com/jobs/view/junior-account-executive-at-contactout-4436519415,Junior Account Executive,ContactOut,posted,2026-07-07T11:25:53.874236,127
03011c39cdf7cfdd,https://al.linkedin.com/jobs/view/legal-associate-at-vision-consulting-albania-tax-law-4432397443,Legal Associate,,scraped,2026-07-07T11:25:58.502568,
a39dbcaccfc4a0c2,https://al.linkedin.com/jobs/view/senior-agricultural-statistics-expert-at-ntu-international-a-s-4437766612,Senior Agricultural Statistics Expert,,scraped,2026-07-07T11:26:20.414573,
72fc761f9e047314,https://al.linkedin.com/jobs/view/business-sales-account-at-madcom-albania-power-by-albanian-fiber-telecommunications-4432701487,Business Sales Account,,scraped,2026-07-07T11:26:27.548521,
c36f299c1e539cc2,https://al.linkedin.com/jobs/view/ingest-specialist-english-eu-at-simply-tv-4437196000,Ingest Specialist - English (EU),,scraped,2026-07-07T11:26:34.440343,
3848ed16c2361949,https://al.linkedin.com/jobs/view/va26p134v01-project-management-assistant-ls2-at-icmpd-t%C3%BCrkiye-temsilcili%C4%9Fi-4433996460,VA26P134V01 - Project Management Assistant - LS2,,scraped,2026-07-07T11:26:41.101538,
cfd6bfe56815927c,https://al.linkedin.com/jobs/view/senior-sap-basis-administrator-at-service-factory-solutions-4433189700,Senior SAP Basis Administrator,,scraped,2026-07-07T11:26:51.395004,
54c209d179e82e36,https://al.linkedin.com/jobs/view/artificial-intelligence-engineer-at-mare-group-4435833066,Artificial Intelligence Engineer,,scraped,2026-07-07T11:27:03.580530,
a76233afb0803e6f,https://al.linkedin.com/jobs/view/ekonomist-e-financier-e%E2%80%8B-vinea-resort-spa-at-dm-consulting-services-4433939762,Ekonomist/e - Financier/e (VINEA RESORT & SPA),DM Consulting Services,posted,2026-07-07T11:27:20.879239,129
f587c3be6dc93e41,https://al.linkedin.com/jobs/view/cdi-exploitant-transport-nuit-h-f-at-groupe-coquelle-4437715835,CDI - exploitant transport nuit (H/F),,scraped,2026-07-07T11:27:23.467898,
a927cb245bf0ffa6,https://al.linkedin.com/jobs/view/devops-engineer-ai-model-evaluator-at-mercor-4431928276,DevOps Engineer - AI Model Evaluator,Mercor,posted,2026-07-07T11:27:45.353080,131
78e8043c515b2fda,https://al.linkedin.com/jobs/view/data-engineer-at-lufthansa-industry-solutions-4432700525,Data Engineer,,scraped,2026-07-07T11:27:48.035152,
105699824c01d114,https://al.linkedin.com/jobs/view/quality-control-photovoltaic-entry-level-f-m-x-at-enpal-4393536278,Quality Control / Photovoltaic / Entry Level(f/m/x),,scraped,2026-07-07T11:27:54.809850,
186445b1f131338e,https://al.linkedin.com/jobs/view/ai-automation-workflow-engineer-at-seamless-assist-4435011821,AI Automation & Workflow Engineer,Seamless Assist,posted,2026-07-07T11:28:09.846976,133
5222a582c9c1657e,https://al.linkedin.com/jobs/view/marketing-operational-specialist-at-eppc-albania-kosovo-4433849866,Marketing Operational Specialist,,scraped,2026-07-07T11:28:12.468109,
37d5619bbcedcad0,https://al.linkedin.com/jobs/view/remote-menaxhere-shitjesh-zaro-group-at-retail-albania-4433941252,Remote Menaxhere Shitjesh (Zaro Group),Retail Albania,posted,2026-07-07T11:28:27.459541,135
c40fc7506156946e,https://al.linkedin.com/jobs/view/junior-software-developer-at-rapiscan-systems-4405575693,Junior Software Developer,Rapiscan Systems,posted,2026-07-07T11:28:38.169103,137
2654eedf5e3e07fd,https://al.linkedin.com/jobs/view/head-of-democratization-department-s3-at-osce-4433952994,Head of Democratization Department (S3),,scraped,2026-07-07T11:28:50.834513,
bd736c87323e99d0,https://al.linkedin.com/jobs/view/senior-accountant-4433994451,Senior Accountant,SJ Consulting shpk,posted,2026-07-07T11:29:03.931168,139
8de60fd23eea3ce5,https://al.linkedin.com/jobs/view/team-leader-customer-care-at-sisal-hub-albania-4427556483,Team Leader Customer Care,,scraped,2026-07-07T11:29:12.590853,
60e8257710f1c121,https://al.linkedin.com/jobs/view/ekonomist-magazine-n%C3%AB-durr%C3%ABs-at-salillari-ltd-4433961007,"EKONOMIST MAGAZINE, në DURRËS",,scraped,2026-07-07T11:29:23.948942,
b232bbbb8bda2f23,https://al.linkedin.com/jobs/view/inxhinier-e-mekanik-elektrik-ne-projektim-solidwoks-4433925743,Inxhinier/e Mekanik/Elektrik  ne Projektim (Solidwoks ),Alba Employment Group,posted,2026-07-07T11:29:39.324344,141
5c034c4ac5077b61,https://al.linkedin.com/jobs/view/certified-drone-operator-at-ucc-holding-4437764216,Certified Drone Operator,,scraped,2026-07-07T11:29:41.736933,
1d4488e31ec8b791,https://al.linkedin.com/jobs/view/senior-climate-adaptation-expert-at-ntu-international-a-s-4435111947,Senior Climate Adaptation Expert,,scraped,2026-07-07T11:29:50.505191,
51a1859766e18a44,https://al.linkedin.com/jobs/view/distributed-systems-engineer-apache-big-data-internals-remote-work-ref%23294453-at-bairesdev-4426561440,Distributed Systems Engineer (Apache Big Data Internals) - Remote Work | REF#294453,BairesDev,posted,2026-07-07T11:30:03.201961,143
8210aaa8fc6f32d6,https://al.linkedin.com/jobs/view/senior-land-management-rangeland-expert-at-ntu-international-a-s-4435810427,Senior Land Management / Rangeland Expert,,scraped,2026-07-07T11:30:05.774822,
7f476d1e02b7c9ba,https://al.linkedin.com/jobs/view/senior-agricultural-insurance-and-rural-finance-expert-at-ntu-international-a-s-4436316284,Senior Agricultural Insurance and Rural Finance Expert,,scraped,2026-07-07T11:30:12.891983,
d2f09cb910d9024e,https://al.linkedin.com/jobs/view/advisor-i-customer-service-spanish-at-concentrix-4406705312,"Advisor I, Customer Service - Spanish",Concentrix,posted,2026-07-07T11:30:26.326726,145
4684cd895ef72374,https://al.linkedin.com/jobs/view/senior-software-engineer-java-remote-work-ref%23293760-at-bairesdev-4426545457,Senior Software Engineer (Java) - Remote Work | REF#293760,BairesDev,posted,2026-07-07T11:30:34.488875,147
aa7d53bf9f6a7090,https://al.linkedin.com/jobs/view/sales-development-representative-sdr-mercato-italiano-at-salesdose-4437415247,Sales Development Representative (SDR) - Mercato Italiano,SalesDose,posted,2026-07-07T11:30:43.277700,149
50a363e2e9f0226d,https://al.linkedin.com/jobs/view/technical-business-analyst-%E2%80%93-erp-systems-implementation-freelancer-full-time-at-enpal-4420987810,Technical Business Analyst – ERP & Systems Implementation - Freelancer (full-time ),,scraped,2026-07-07T11:30:45.900475,
0fb82c62a4d295f5,https://al.linkedin.com/jobs/view/lead-analyst-supply-analytics-bangkok-based-relocation-provided-at-agoda-4371895820,"Lead Analyst (Supply Analytics, Bangkok-based, Relocation provided)",Agoda,posted,2026-07-07T11:31:02.425094,151
2eac83c1466d3443,https://al.linkedin.com/jobs/view/hiking-guide-in-albania-kosovo-and-montenegro-at-zbulo%21-discover-albania-4433919452,"Hiking Guide in Albania, Kosovo and Montenegro",Zbulo! Discover Albania,posted,2026-07-07T19:18:29.977100,162
7e01e2b1fb0cf576,https://al.linkedin.com/jobs/view/creative-designer-at-ruby-labs-4436749069,Creative Designer,Ruby Labs,posted,2026-07-07T19:18:39.279881,164
4b6de02dcc6f2aa6,https://al.linkedin.com/jobs/view/albanian-language-translation-professionals-remote-at-crossing-hurdles-4426915862,Albanian Language & Translation Professionals | Remote,Crossing Hurdles,posted,2026-07-07T19:18:48.007065,166
2e6bd990fd7d893c,https://al.linkedin.com/jobs/view/addetto-a-amministrazione-finance-at-lutech-4436388219,Addetto/a Amministrazione Finance,,scraped,2026-07-07T19:18:50.693486,
9a721d56286f35b8,https://al.linkedin.com/jobs/view/brand-manager-at-porsche-holding-4435800671,Brand Manager,,scraped,2026-07-07T19:18:57.953468,
01b1473db7036a2e,https://al.linkedin.com/jobs/view/va26p136v01-project-officer-lp2-at-icmpd-t%C3%BCrkiye-temsilcili%C4%9Fi-4433986691,VA26P136V01 - Project Officer - LP2,,scraped,2026-07-07T19:19:06.758148,
08e1b8a7e3a6e042,https://al.linkedin.com/jobs/view/ekonomist-e-ne-fabrike-prodhimi-at-a-g-s-sh-p-k-4433182026,Ekonomist/e ne Fabrike Prodhimi,,scraped,2026-07-07T19:19:26.087613,
c003705ffe5693dd,https://al.linkedin.com/jobs/view/lider-liderka-zmiany-at-dealz-poland-4434565003,Lider / Liderka zmiany,Dealz Poland,posted,2026-07-07T19:20:20.096027,168
6fe34105b27a8012,https://al.linkedin.com/jobs/view/uppsc-civil-judge-pcs-j-pre-recruitment-2022-interview-schedule-2023-for-303-post-at-scraby-academy-4436929094,UPPSC Civil Judge PCS J Pre Recruitment 2022 Interview Schedule 2023 for 303 Post,Scraby Academy,posted,2026-07-07T19:20:31.238657,170
ec5c72cb57ea3e13,https://al.linkedin.com/jobs/view/oficer-kredie-per-degen-tirane-at-fed-invest-4433922822,Oficer kredie per degen Tirane,,scraped,2026-07-07T19:20:33.893218,
f6e4e6569bae3b30,https://al.linkedin.com/jobs/view/junior-recruiter-at-simera-4434548892,Junior Recruiter,Simera,posted,2026-07-07T19:20:48.048534,172
fde6090ae4b82cb3,https://al.linkedin.com/jobs/view/accountant-at-agikons-4433941144,Accountant,AgiKons,posted,2026-07-07T19:21:01.699031,174
7243c6903080ce9b,https://al.linkedin.com/jobs/view/tecnico-denim-lavanderia-at-denim-factory-s-4432763135,tecnico DENIM LAVANDERIA,,scraped,2026-07-07T19:21:04.342719,
a145bdcd589e97ba,https://al.linkedin.com/jobs/view/publish-account-manager-at-bulls-media-worldgroup-4433704602,Publish Account Manager,,scraped,2026-07-07T19:21:12.691496,
5ec438dc063a6b46,https://al.linkedin.com/jobs/view/construction-supervision-expert-at-albchrome-shpk-4434551246,Construction Supervision Expert,AlbChrome shpk,posted,2026-07-07T19:21:37.256021,176
af302dd316b3d322,https://al.linkedin.com/jobs/view/receptionist-at-core-pilates-tirana-4434550203,Receptionist,,scraped,2026-07-07T19:21:49.918112,
cde9b3cfbff3f97e,https://al.linkedin.com/jobs/view/data-scientist-for-martech-at-bip-4436351723,Data Scientist for Martech,BIP,posted,2026-07-07T19:22:06.369899,178
cc31cba2e21d02a7,https://al.linkedin.com/jobs/view/receptionist-guest-relations-coordinator-at-dimension-hr-4433944405,Receptionist / Guest Relations Coordinator,,scraped,2026-07-07T19:22:11.054033,
3628a851f67516a5,https://al.linkedin.com/jobs/view/data-analyst-at-mare-group-4437143867,Data Analyst,,scraped,2026-07-07T19:22:20.102230,
3e132bb1ff0c63f1,https://al.linkedin.com/jobs/view/marketing-manager-at-balfin-real-estate-4436071866,Marketing Manager,Balfin Real Estate,posted,2026-07-07T19:22:39.029135,180
a98f2b33d7ad479a,https://al.linkedin.com/jobs/view/grc-manager-at-omilia-4437769312,GRC Manager,Omilia,posted,2026-07-07T19:22:55.089241,182
428df91dcc479c78,https://al.linkedin.com/jobs/view/dental-sales-representative-at-iclear-group-ltd-4437811044,Dental Sales Representative,,scraped,2026-07-07T19:22:57.798737,
5a46b17e07dfe4da,https://al.linkedin.com/jobs/view/sales-assistant-at-jovex-light-4434525751,Sales Assistant,JOVEX Light,posted,2026-07-07T19:23:17.377328,184
d681efc20a6a4acb,https://al.linkedin.com/jobs/view/shopify-developer-at-fuelerate-4433960046,Shopify Developer,Fuelerate,posted,2026-07-07T19:23:26.611352,186
8dfc2f11f7506688,https://al.linkedin.com/jobs/view/administrative-operations-support-at-eppc-albania-kosovo-4413931713,Administrative & Operations Support,,scraped,2026-07-07T19:23:29.310610,
26aac98f0302de7f,https://al.linkedin.com/jobs/view/sales-office-assistant-at-alba-distribution-sh-p-k-4434506769,Sales Office Assistant,Alba Distribution sh.p.k,posted,2026-07-07T19:23:43.108467,188
2bbf2df74f9c1bbc,https://al.linkedin.com/jobs/view/senior-survey-methodology-expert-at-ntu-international-a-s-4437829071,Senior Survey Methodology Expert,,scraped,2026-07-07T19:23:47.691234,
17fe61f9ff9e5e49,https://al.linkedin.com/jobs/view/invitation-to-submit-offers-for-local-consultancy-services-eu4rivers-relaunch-at-eubam-libya-4437116699,Invitation to submit offers for local consultancy services EU4RIVERS - Relaunch,,scraped,2026-07-07T19:23:59.092286,
5f26d23ec138809e,https://al.linkedin.com/jobs/view/client-relationship-representative-at-hyring%C2%AE-4437144559,Client Relationship Representative,Hyring®,posted,2026-07-07T19:24:16.578969,190
a03c07ba51c49dbf,https://al.linkedin.com/jobs/view/business-assurance-analytics-specialist-vois-at-vois-4423663302,BUSINESS ASSURANCE ANALYTICS SPECIALIST - VOIS,,scraped,2026-07-07T19:24:21.245630,
da7501092c98e699,https://al.linkedin.com/jobs/view/senior-devops-engineer-at-leverx-4432353105,Senior DevOps Engineer,LeverX,posted,2026-07-07T19:24:34.665208,192
45d7071bd401f1c2,https://al.linkedin.com/jobs/view/junior-sap-fi-consultant-at-engineering-albania-4432336945,Junior SAP FI Consultant,,scraped,2026-07-07T19:24:47.341522,
7e85fcce54c97e7e,https://al.linkedin.com/jobs/view/scaffold-helper-various-locations-at-yates-construction-4378766734,Scaffold Helper - Various Locations,Yates Construction,posted,2026-07-07T19:25:05.023339,194
51d527fff6f603ae,https://al.linkedin.com/jobs/view/performance-marketing-lead-native-ads-at-capslock-4434626972,Performance Marketing Lead (Native Ads),,scraped,2026-07-07T19:25:09.684399,
82f5f813c47bb769,https://al.linkedin.com/jobs/view/carpenter-journeyman-various-locations-at-yates-construction-4378761743,Carpenter Journeyman - Various Locations,Yates Construction,posted,2026-07-07T19:25:22.618605,196
1a188a2ab80a207a,https://al.linkedin.com/jobs/view/software-engineer-interviewer-albania-contract-remote-at-karat-4434690798,Software Engineer Interviewer (Albania - Contract/Remote),Karat,posted,2026-07-07T19:25:33.541526,198
c5b4533f48e15453,https://al.linkedin.com/jobs/view/back-office-document-verification-english-french-at-auto1-group-4435449925,Back Office Document Verification (English & French),,scraped,2026-07-07T19:25:38.260423,
0d67a93cbb9cc07c,https://al.linkedin.com/jobs/view/back-office-quality-analyst-%E2%80%93-solar-energy-entry-level-f-m-x-at-enpal-4410083960,Back Office Quality Analyst – Solar Energy (Entry Level)(f/m/x),,scraped,2026-07-07T19:25:46.768378,
d778325db81fbf86,https://al.linkedin.com/jobs/view/ark%C3%ABtar-dega-peshkopi-at-otp-bank-albania-4432763702,"Arkëtar, Dega Peshkopi",OTP Bank Albania,posted,2026-07-07T19:26:03.633016,200
5b28662c23ab4815,https://al.linkedin.com/jobs/view/specialist-i-riskut-operacional-at-union-financiar-tirane-unionnet-western-union-4434542694,SPECIALIST I RISKUT OPERACIONAL,Union Financiar Tirane | Unionnet - Western Union,posted,2026-07-07T19:26:17.068512,202
d2cb49ae99a18cfd,https://al.linkedin.com/jobs/view/menaxher-kryesor-horeca-bbd-shpk-at-asel-albania-4434527795,Menaxher Kryesor Horeca (BBD Shpk),ASEL Albania,posted,2026-07-07T19:26:28.897631,204
bba5e7601090d9b8,https://al.linkedin.com/jobs/view/senior-international-expert-on-referendums-at-osce-4433955596,Senior International Expert on Referendums,,scraped,2026-07-07T19:26:35.557382,
ce7aef510935673f,https://al.linkedin.com/jobs/view/operations-coordinator-italiano-fluente-c1-at-enpal-4436323598,Operations Coordinator - Italiano fluente C1,,scraped,2026-07-07T19:26:43.916023,
e387b6361511290e,https://al.linkedin.com/jobs/view/service-delivery-center-lead-enabling-services-albania-at-deloitte-4423673526,Service Delivery Center Lead | Enabling Services | Albania,Deloitte,posted,2026-07-07T19:26:57.356468,206
13a7fdcb90d498fe,https://al.linkedin.com/jobs/view/senior-quality-engineer-java-remote-work-ref%23293832-at-bairesdev-4426546494,Senior Quality Engineer (Java) - Remote Work | REF#293832,BairesDev,posted,2026-07-07T19:27:05.723789,208
2b3655d03284bbe4,https://al.linkedin.com/jobs/view/customer-support-assistenza-clienti-post-vendita-e-post-installazione-settore-fotovoltaico-italiano-fluente-richiesto-at-enpal-4399886542,Customer Support - Assistenza Clienti Post-Vendita e Post-Installazione | Settore Fotovoltaico| Italiano Fluente Richiesto,,scraped,2026-07-07T19:27:08.365925,
6d4757560815899a,https://al.linkedin.com/jobs/view/professional-sales-representative-swiss-german-speaking-at-goalwalker-4433196808,Professional Sales Representative - Swiss German Speaking,,scraped,2026-07-07T19:27:16.780873,
539c486ad9d312b6,https://al.linkedin.com/jobs/view/senior-java-backend-developer-remote-work-ref%23290269-at-bairesdev-4420468191,Senior Java Backend Developer - Remote Work | REF#290269,BairesDev,posted,2026-07-07T19:27:37.756659,210
acc62a1b868efc5e,https://al.linkedin.com/jobs/view/scaffold-journeyman-various-locations-at-yates-construction-4378767775,Scaffold Journeyman - Various Locations,Yates Construction,posted,2026-07-07T23:32:49.726212,227
393d68f7901ddffb,https://al.linkedin.com/jobs/view/transaction-coordinator-at-cs-outsource-4436845003,Transaction Coordinator,CS Outsource,posted,2026-07-07T23:33:01.514800,229
6cad85db51270efd,https://al.linkedin.com/jobs/view/logistic-officer-at-titan-albania-4436590070,Logistic Officer,,scraped,2026-07-07T23:33:08.158890,
15fc0ee1fe174283,https://al.linkedin.com/jobs/view/debt-collection-specialist-at-finhub-4434561638,Debt Collection Specialist,,scraped,2026-07-07T23:33:19.324578,
5850d3cb87f05681,https://al.linkedin.com/jobs/view/finance-specialist-at-brunes-group-4434525856,Finance Specialist,,scraped,2026-07-07T23:33:40.259437,
e4e6937837b112d7,https://al.linkedin.com/jobs/view/kierownik-kierowniczka-sklepu-dealz-at-dealz-poland-4434557262,Kierownik / Kierowniczka Sklepu Dealz,,scraped,2026-07-07T23:33:53.960414,
060c07e7102bb278,https://al.linkedin.com/jobs/view/social-media-manager-at-alkos-group-albania-4434517861,Social Media Manager,,scraped,2026-07-07T23:34:03.483588,
f625363c53d637ea,https://al.linkedin.com/jobs/view/technical-pastry-demonstrator-at-pyou-recruitment-hr-consulting-4436759178,Technical Pastry Demonstrator,,scraped,2026-07-07T23:34:12.503971,
cdfc1ac2eba7c47d,https://al.linkedin.com/jobs/view/specialist-finance-junior-at-kead-albania-4437124335,SPECIALIST FINANCE JUNIOR,,scraped,2026-07-07T23:34:20.038952,
f73801a53e49a1e7,https://al.linkedin.com/jobs/view/construction-field-engineer-at-nycom-4435894796,Construction Field Engineer,NYCOM,posted,2026-07-07T23:34:39.210842,231
c83b3f8ca2cb31e9,https://al.linkedin.com/jobs/view/technical-writer-with-mechanical-electrical-background-at-star7-4433193181,Technical Writer with mechanical/electrical background,,scraped,2026-07-07T23:34:43.796770,
c8c40274a482517f,https://al.linkedin.com/jobs/view/restaurant-waiter-at-marriott-international-4435707973,Restaurant Waiter,Marriott International,posted,2026-07-07T23:34:59.261747,233
0025e6537232ad86,https://al.linkedin.com/jobs/view/engineering-manager-100%25-remote-emea-at-pragmatike-4435818124,Engineering Manager (100% Remote EMEA),,scraped,2026-07-07T23:35:13.837908,
201ac61c2c3b1c8a,https://al.linkedin.com/jobs/view/lider-liderka-zmiany-at-dealz-poland-4434559161,Lider / Liderka zmiany,,scraped,2026-07-07T23:35:28.303485,
8d07083d0a0b0c70,https://al.linkedin.com/jobs/view/interior-design-assistan-at-talentbridge-albania-4437805793,Interior Design Assistan,,scraped,2026-07-07T23:35:37.817430,
393dd9b251393328,https://al.linkedin.com/jobs/view/assistente-personale-4433901558,Assistente personale,Giglio bianco,posted,2026-07-07T23:35:49.534829,235
6f3075aa1fdbad61,https://al.linkedin.com/jobs/view/construction-contract-manager-at-rekrutime-agikons-4434530873,Construction Contract Manager,Rekrutime Agikons,posted,2026-07-07T23:36:04.395525,237
9ef350c03193de2c,https://al.linkedin.com/jobs/view/cardiology-patient-navigator-at-seamless-assist-4437711829,Cardiology Patient Navigator,Seamless Assist,posted,2026-07-07T23:36:13.587753,35
7a683463e6e5eb7f,https://al.linkedin.com/jobs/view/lider-liderka-zmiany-at-dealz-poland-4434553357,Lider / Liderka zmiany,,scraped,2026-07-07T23:36:20.160463,
d0790e729c81776d,https://al.linkedin.com/jobs/view/fluent-german-customer-support-consultant-remote-at-supportyourapp-4437170245,(fluent German) Customer Support Consultant (remote),SupportYourApp,posted,2026-07-07T23:36:49.940820,239
5beb8f3627ff248c,https://al.linkedin.com/jobs/view/lider-liderka-zmiany-3-4-etatu-at-dealz-poland-4432788755,Lider / Liderka zmiany 3/4 etatu,,scraped,2026-07-07T23:36:58.553108,
b5673837d4dd301a,https://al.linkedin.com/jobs/view/workday-bootcamp-24%E2%80%9325-sept-junior-functional-consultant-tirana-at-deloitte-4432367365,Workday Bootcamp (24–25 Sept) | Junior Functional Consultant | Tirana,Deloitte,posted,2026-07-07T23:37:13.917130,241
c671598ae965a175,https://al.linkedin.com/jobs/view/junior-it-application-administrator-at-deloitte-4433937527,Junior IT Application Administrator,Deloitte,posted,2026-07-07T23:37:24.187712,243
992b02f80daa5e35,https://al.linkedin.com/jobs/view/senior-infrastructure-specialist-at-deloitte-4433190964,Senior Infrastructure Specialist,Deloitte,posted,2026-07-07T23:37:33.656152,245
b20581177f4c6800,https://al.linkedin.com/jobs/view/lider-liderka-zmiany-1-2-etatu-at-dealz-poland-4434557261,Lider / Liderka zmiany 1/2 etatu,,scraped,2026-07-07T23:37:36.205461,
fe42d7bd063fba66,https://al.linkedin.com/jobs/view/install-partner-manager-operations-specialist-settore-fotovoltaico-conoscenza-fluente-della-lingua-italiana-obbligatoria-at-enpal-4400328069,Install Partner Manager (Operations Specialist Settore Fotovoltaico) | Conoscenza Fluente della Lingua Italiana Obbligatoria,,scraped,2026-07-07T23:37:43.793577,
291dec004bc9dd23,https://al.linkedin.com/jobs/view/ai-video-creator-at-the-flex-4436767831,AI Video Creator,,scraped,2026-07-07T23:37:58.178864,
efaee1acb796fa3e,https://al.linkedin.com/jobs/view/it-project-manager-with-german-at-deloitte-4406706393,IT Project Manager with German,Deloitte,posted,2026-07-07T23:38:13.960313,247
7afa48fb19f3490f,https://al.linkedin.com/jobs/view/operations-assistant-at-cs-outsource-4435220730,Operations Assistant,CS Outsource,posted,2026-07-07T23:38:22.635621,249
4ff1b4cd24f3ffa1,https://al.linkedin.com/jobs/view/kasjer-sprzedawca-kasjerka-sprzedawczyni-1-2-etatu-at-dealz-poland-4432793464,Kasjer - Sprzedawca / Kasjerka - Sprzedawczyni (1/2 etatu),,scraped,2026-07-07T23:38:25.175004,
826ad02ab1ee8f43,https://al.linkedin.com/jobs/view/senior-devops-engineer-azure-at-proxify-4335992113,Senior DevOps Engineer (Azure),,scraped,2026-07-07T23:38:35.090704,
fa77832007a8bfcf,https://al.linkedin.com/jobs/view/praca-dodatkowa-w-sklepie-dealz-at-dealz-poland-4432794434,Praca dodatkowa w Sklepie Dealz,,scraped,2026-07-07T23:38:42.187019,
a7f0aa912fd9e48f,https://al.linkedin.com/jobs/view/senior-software-engineer-scala-remote-work-ref%23290199-at-bairesdev-4420452838,Senior Software Engineer (Scala) - Remote Work | REF#290199,BairesDev,posted,2026-07-07T23:38:58.146708,251
3ea77bb8072882b4,https://al.linkedin.com/jobs/view/senior-salesforce-developer-at-assist-digital-4434543254,Senior Salesforce Developer,,scraped,2026-07-07T23:39:14.545405,
325f2c5457e681dd,https://al.linkedin.com/jobs/view/staff-java-backend-developer-remote-work-ref%23290336-at-bairesdev-4420456742,Staff Java Backend Developer - Remote Work | REF#290336,BairesDev,posted,2026-07-07T23:39:28.585991,253
125adef3bd599f48,https://al.linkedin.com/jobs/view/senior-sapui5-btp-developer-relocation-to-cyprus-at-epam-systems-4355906334,Senior SAPUI5/BTP Developer (relocation to Cyprus),EPAM Systems,posted,2026-07-07T23:39:37.353707,255
a91f000c1cfd9fcd,https://al.linkedin.com/jobs/view/german-cx-specialist-work-permit-sponsored-at-telus-digital-4436348765,German CX Specialist (Work Permit Sponsored),,scraped,2026-07-07T23:39:39.963791,
79e3610d2060d348,https://al.linkedin.com/jobs/view/back-office-controlling-invoice-analyst-at-auto1-group-4437006710,Back Office Controlling / Invoice Analyst,,scraped,2026-07-08T09:17:55.124511,
87312cb9c4a4446c,https://al.linkedin.com/jobs/view/microsoft-technologies-specialists-%E2%80%93-multiple-open-positions-at-moreone-technologies-4434831333,Microsoft Technologies Specialists – Multiple Open Positions,,scraped,2026-07-08T09:18:18.057257,
6eb48c3b9012d36e,https://al.linkedin.com/jobs/view/local-it-support-lead-at-sicpa-4437808037,Local IT Support Lead,,scraped,2026-07-08T09:18:32.683498,
5882f2a931294eb0,https://al.linkedin.com/jobs/view/sales-assistant-at-inditex-4433953823,Sales Assistant,,scraped,2026-07-08T09:18:39.647193,
15ae23077e7430c6,https://al.linkedin.com/jobs/view/branch-manager-vlore-at-intesa-sanpaolo-bank-albania-4436752071,Branch Manager Vlore,,scraped,2026-07-08T09:18:46.130665,
dfa3391133000b8b,https://al.linkedin.com/jobs/view/zoho-automation-engineer-at-huzzle-com-4436493367,Zoho Automation Engineer,,scraped,2026-07-08T09:18:53.500000,
6594331eddd5f7d9,https://al.linkedin.com/jobs/view/chef-d-apos-equipe-maintenance-h-f-at-l-usine-nouvelle-4433751047,Chef d&apos;Equipe Maintenance (H/F),L'Usine Nouvelle,posted,2026-07-08T09:19:18.810470,257
a910a6e480763626,https://al.linkedin.com/jobs/view/finance-specialist-at-psz-albania-gbmh-shpk-4405114190,Finance specialist,PSZ Albania GbmH Shpk,posted,2026-07-08T09:19:32.227489,259
ea868bafea26c833,https://al.linkedin.com/jobs/view/sap-mm-sd-lead-consultant-at-leverx-4434809850,SAP MM/SD Lead Consultant,LeverX,posted,2026-07-08T09:20:13.449111,261
2df69b4bf028848d,https://al.linkedin.com/jobs/view/functional-consultant-finance-%E2%80%93-microsoft-d365-f-o-at-hso-4426821707,Functional Consultant (Finance) – Microsoft D365 F&O,HSO,posted,2026-07-08T09:20:27.917622,263
7bec0d8af615266a,https://al.linkedin.com/jobs/view/customer-service-agent-100%25-remote-a-players-only-at-backbone-customer-service-4317622356,Customer Service Agent | 100% remote | A-players only,,scraped,2026-07-08T09:20:30.576920,
81cfe38bfb2b0cf0,https://al.linkedin.com/jobs/view/junior-architect-at-philip-studio-4434810948,Junior Architect,Philip Studio,posted,2026-07-08T09:20:51.200557,265
815fcaae4f9062b8,https://al.linkedin.com/jobs/view/senior-data-engineer-azure-at-proxify-4335433689,Senior Data Engineer (Azure),,scraped,2026-07-08T09:20:59.849920,
350ccef463c6dc13,https://al.linkedin.com/jobs/view/senior-backend-engineer-go-at-block-labs-4325216227,Senior Backend Engineer (Go),,scraped,2026-07-08T09:21:07.017835,
c6d906a5f9b68c6c,https://al.linkedin.com/jobs/view/german-speaking-customer-care-helpdesk-specialist-at-acca19-4434586733,German Speaking Customer Care Helpdesk Specialist,,scraped,2026-07-08T09:21:13.187175,
1fc095bbce65bc8f,https://al.linkedin.com/jobs/view/collaboratore-indipendente-at-giovanna-scola-4436747404,Collaboratore indipendente,,scraped,2026-07-08T09:21:22.100064,
2b33ac05f50872f2,https://al.linkedin.com/jobs/view/senior-staff-engineer-computing-architecture-at-axelera-ai-4436400821,Senior/Staff Engineer - Computing Architecture,,scraped,2026-07-08T09:21:33.150100,
6e26b6167c9eb156,https://al.linkedin.com/jobs/view/deli-clerk-at-brookshire-grocery-company-4436146446,Deli Clerk,Brookshire Grocery Company,posted,2026-07-08T09:21:51.382693,267
84cea1ceddcc6d09,https://al.linkedin.com/jobs/view/sales-consultant-4432346460,Sales Consultant,Biba group,posted,2026-07-08T09:22:01.682107,269
2fc3df705f97b552,https://al.linkedin.com/jobs/view/senior-full-stack-backend-engineer-php-%2B-react-at-alfadocs-com-4415780069,Senior Full Stack/Backend Engineer (PHP + React),,scraped,2026-07-08T09:22:18.322390,
9fc5e625285ef46c,https://al.linkedin.com/jobs/view/backend-qa-engineer-test-automation-at-deloitte-4434567450,Backend QA Engineer | Test Automation,Deloitte,posted,2026-07-08T09:22:49.162445,271
9ec2447e340fcc7b,https://al.linkedin.com/jobs/view/junior-sap-support-consultant-german-speaking-at-deloitte-4413620890,Junior SAP Support Consultant | German speaking,Deloitte,posted,2026-07-08T09:23:09.465668,273
d7666215d05c6ec3,https://al.linkedin.com/jobs/view/senior-java-developer-software-architect-at-alvacore-solutions-4436996142,Senior Java Developer / Software Architect,Alvacore Solutions,posted,2026-07-08T09:23:25.363790,275
4de3a0bf957f2a8b,https://al.linkedin.com/jobs/view/senior-engineering-manager-bangkok-based-relocation-provided-at-agoda-4370566363,"Senior Engineering Manager (Bangkok based, relocation provided)",Agoda,posted,2026-07-08T09:23:41.989858,277
89ee5521a213153d,https://al.linkedin.com/jobs/view/principal-software-engineer-java-remote-work-ref%23290157-at-bairesdev-4420458762,Principal Software Engineer (Java) - Remote Work | REF#290157,BairesDev,posted,2026-07-08T09:23:52.361403,279
7bb2e0c3da23c1cd,https://al.linkedin.com/jobs/view/principal-software-engineer-node-js-ref%23290194-at-bairesdev-4420469153,Principal Software Engineer (Node.js) | REF#290194,BairesDev,posted,2026-07-08T09:24:02.893649,281
79ca3439ccb8ab1d,https://al.linkedin.com/jobs/view/service-desk-consultant-with-german-sap-team-at-deloitte-4398691929,Service Desk Consultant with German | SAP Team,Deloitte,posted,2026-07-08T09:24:13.576310,283
dec963b0a36593a1,https://al.linkedin.com/jobs/view/senior-engineering-manager-fintech-bangkok-based-relocation-provided-at-agoda-4429232550,"Senior Engineering Manager - Fintech (Bangkok based, relocation provided)",Agoda,posted,2026-07-08T09:24:26.819853,285
9c5bda1a33968919,https://al.linkedin.com/jobs/view/staff-software-engineer-scala-remote-work-ref%23290264-at-bairesdev-4420469175,Staff Software Engineer (Scala) - Remote Work | REF#290264,BairesDev,posted,2026-07-08T09:24:36.653598,287
a36f6976a96c9d86,https://al.linkedin.com/jobs/view/b2b-lead-generation-gtm-demand-generation-business-development-campaign-at-clientium-%E2%80%93-sistemi-di-acquisizione-clienti-b2b-4433953175,B2B Lead generation / GTM / Demand generation / Business Development campaign,Clientium – Sistemi di Acquisizione Clienti B2B,posted,2026-07-08T16:18:15.277183,289
34c5ba964aee6903,https://al.linkedin.com/jobs/view/lead-generation-specialist-at-atis-software-factory-4438241520,Lead Generation Specialist,,scraped,2026-07-08T16:18:21.945698,
3e602840712d940f,https://al.linkedin.com/jobs/view/customer-care-quality-at-sisal-hub-albania-4429532817,Customer Care Quality,,scraped,2026-07-08T16:18:29.250335,
c67940bb930144df,https://al.linkedin.com/jobs/view/receptionist-at-hilton-garden-inn-tirana-4434824891,Receptionist,Hilton Garden Inn Tirana,posted,2026-07-08T16:19:06.091583,291
bdfb3888287bd079,https://al.linkedin.com/jobs/view/accountant-at-kalaja-talent-consulting-4434540424,Accountant,,scraped,2026-07-08T16:19:26.733398,
3ee2defbe36746fd,https://al.linkedin.com/jobs/view/marketing-specialist-at-cs-outsource-4436237461,Marketing Specialist,CS Outsource,posted,2026-07-08T16:19:41.222413,293
472714297e1a2037,https://al.linkedin.com/jobs/view/office-assistant-at-we-are-fiber-4434843970,Office Assistant,We Are Fiber,posted,2026-07-08T16:19:55.310359,295
029d37c1714597ba,https://al.linkedin.com/jobs/view/junior-marketing-specialist-at-bulls-vision-group-4434866393,Junior Marketing Specialist,,scraped,2026-07-08T16:19:59.951564,
e45f05a25c0e37a2,https://al.linkedin.com/jobs/view/senior-value-chain-development-expert-at-ntu-international-a-s-4436392302,Senior Value Chain Development Expert,,scraped,2026-07-08T16:20:10.286453,
6a94886ceda93b7b,https://al.linkedin.com/jobs/view/business-development-sales-representative-at-vanguard-vista-solutions-4434845835,Business Development & Sales Representative,,scraped,2026-07-08T16:20:35.356243,
19a6df976a0a285d,https://al.linkedin.com/jobs/view/ekonomiste-elplast-al-at-ecommerce-albania-4433946554,Ekonomiste (ELPLAST-al),Ecommerce-Albania,posted,2026-07-08T16:20:52.644173,297
edd96008c544b151,https://al.linkedin.com/jobs/view/audit-consultant-at-deloitte-4414896576,Audit Consultant,Deloitte,posted,2026-07-08T16:21:07.722015,299
5ea803bca5f10881,https://al.linkedin.com/jobs/view/senior-fullstack-engineer-remote-at-pragmatike-4436784797,Senior Fullstack Engineer (Remote),,scraped,2026-07-08T16:21:12.430764,
540cb953bcf93677,https://al.linkedin.com/jobs/view/accounting-finance-specialist-at-enpal-4437775617,Accounting & Finance Specialist,,scraped,2026-07-08T16:21:18.958843,
b5ef536b07a4261f,https://al.linkedin.com/jobs/view/business-development-partner-nj%C3%AB-rol-strategjik-n%C3%AB-emi-cc-at-emi-cc-coaching-and-consulting-4434830506,Business Development Partner | Një rol strategjik në EMI-CC,,scraped,2026-07-08T16:21:31.571386,
f2ce2c721c4305ec,https://al.linkedin.com/jobs/view/addetto-alla-contabilit%C3%A0-fornitori-at-doctor-hail-albania-4434844973,Addetto alla contabilità fornitori,,scraped,2026-07-08T16:21:45.309484,
8dda4db392959a2d,https://al.linkedin.com/jobs/view/menaxher-kryesor-horeca-bbd-shpk-at-duapune-com-4434548155,Menaxher Kryesor Horeca (BBD Shpk),duapune.com,posted,2026-07-08T16:22:12.752004,204
fa7af6aefdb39d2c,https://al.linkedin.com/jobs/view/senior-android-engineer-at-ruby-labs-4437881029,Senior Android Engineer,Ruby Labs,posted,2026-07-08T16:22:34.336592,301
abc18c835ab254ab,https://al.linkedin.com/jobs/view/attendant-laundry-at-marriott-international-4437310388,Attendant-Laundry,Marriott International,posted,2026-07-08T21:50:29.001799,303
c1d8ea028aa72091,https://al.linkedin.com/jobs/view/operations-coordinator-at-third-pillar-recruiting-4434855269,Operations Coordinator,,scraped,2026-07-08T21:50:38.003673,
1e794280391f8f47,https://al.linkedin.com/jobs/view/fabricator-4434863839,Fabricator,Ssa albaniya,posted,2026-07-08T21:50:51.887319,305
b640fe92554b1771,https://al.linkedin.com/jobs/view/voice-actor-at-kronikani-me-plis-4434886155,Voice Actor,Kronikani me Plis,posted,2026-07-08T21:51:19.472123,307
df2af142d93c186b,https://al.linkedin.com/jobs/view/fluent-german-customer-support-consultant-remote-at-supportyourapp-4437167302,(fluent German) Customer Support Consultant (remote),SupportYourApp,posted,2026-07-08T21:51:26.531320,239
d854047143f0844b,https://al.linkedin.com/jobs/view/medical-representative-%E2%80%93-medical-aesthetics-at-delta-pharma-adria-4434835014,Medical Representative – Medical Aesthetics,,scraped,2026-07-08T21:51:31.104926,
6adaa9de9d71572f,https://al.linkedin.com/jobs/view/lider-liderka-zmiany-3-4-etatu-at-dealz-poland-4434546882,Lider / Liderka zmiany (3/4 etatu),,scraped,2026-07-08T21:51:43.735191,
44591ca15e866aa1,https://al.linkedin.com/jobs/view/conversational-ai-application-developer-english-and-greek-speaker-at-omilia-4438190822,Conversational AI Application Developer (English and Greek speaker),,scraped,2026-07-08T21:51:55.766699,
3dd156208dc35169,https://al.linkedin.com/jobs/view/bashkohuni-me-ekipin-ton%C3%AB-sh%C3%ABrbim-ndaj-klientit-gjermanisht-anglisht-%E2%80%93-100%25-pun%C3%AB-nga-sht%C3%ABpia-at-talentpop-app-4434878422,Bashkohuni me ekipin tonë: Shërbim ndaj Klientit (Gjermanisht/Anglisht) – 100% Punë nga Shtëpia,TalentPop App,posted,2026-07-08T21:52:51.524437,309
e01ea002541d3f05,https://al.linkedin.com/jobs/view/senior-back-end-developer-node-express-js-at-worldly-4438133378,Senior Back-End Developer (Node/Express.js),Worldly,posted,2026-07-08T21:53:00.042154,311
c7ae1a56266094d3,https://al.linkedin.com/jobs/view/junior-digital-merchandiser-with-french-at-estorelabs-4438209323,Junior Digital Merchandiser with French,,scraped,2026-07-08T21:53:02.708513,
14125a6680cb357f,https://al.linkedin.com/jobs/view/junior-digital-merchandiser-with-french-at-estorelabs-4438200596,Junior Digital Merchandiser with French,,scraped,2026-07-08T21:53:11.893227,
d0753f12f7c525f9,https://al.linkedin.com/jobs/view/bashkohuni-me-ekipin-ton%C3%AB-sh%C3%ABrbim-ndaj-klientit-gjermanisht-anglisht-%E2%80%93-100%25-pun%C3%AB-nga-sht%C3%ABpia-at-talentpop-app-4434883301,Bashkohuni me ekipin tonë: Shërbim ndaj Klientit (Gjermanisht/Anglisht) – 100% Punë nga Shtëpia,TalentPop App,posted,2026-07-08T21:53:40.590290,313
7516df3bf68e7b21,https://al.linkedin.com/jobs/view/senior-aso-manager-at-ruby-labs-4436915455,Senior ASO Manager,Ruby Labs,posted,2026-07-08T21:53:49.161152,315
53af8e1d09c3b9fe,https://al.linkedin.com/jobs/view/kundenservice-deutsch-englisch-%E2%80%93-100%25-remote-homeoffice-at-talentpop-app-4434881466,Kundenservice (Deutsch/Englisch) – 100% Remote / Homeoffice,TalentPop App,posted,2026-07-08T21:54:01.682644,317
4a9a717d94dc3e89,https://al.linkedin.com/jobs/view/senior-character-motion-animator-at-ruby-labs-4438242004,Senior Character & Motion Animator,Ruby Labs,posted,2026-07-08T21:54:11.718045,319
c938278c29a10c45,https://al.linkedin.com/jobs/view/analist-kredie-at-kredo-al-4434830124,Analist Kredie,,scraped,2026-07-08T21:54:14.311519,
9e04854643f1ea61,https://al.linkedin.com/jobs/view/medical-tourism-sales-supervisor-4434859712,Medical Tourism Sales Supervisor,Embrace Albania,posted,2026-07-08T21:54:34.236792,321
83de2911ded07f94,https://al.linkedin.com/jobs/view/lead-android-developer-at-ruby-labs-4437878077,Lead Android Developer,Ruby Labs,posted,2026-07-08T21:54:46.626619,323
8fd43d9afc2b3ba6,https://al.linkedin.com/jobs/view/german-english-speaking-customer-service-support-at-talentpop-app-4434890306,German-English Speaking Customer Service Support,TalentPop App,posted,2026-07-08T21:55:00.809556,325
c90d31defaeb7672,https://al.linkedin.com/jobs/view/application-developer-%E2%80%93-android-pos-integration-at-twine-4434832807,Application Developer – Android POS Integration,,scraped,2026-07-08T21:55:09.453010,
5787199d990a5e14,https://al.linkedin.com/jobs/view/mjek-nefrolog-at-diaverum-4252811972,Mjek Nefrolog,Diaverum,posted,2026-07-08T21:55:26.990124,327
2ce09f318c9e51e0,https://al.linkedin.com/jobs/view/associate-manager-marketing-strategy-bangkok-based-relocation-provided-at-agoda-4410530884,"Associate Manager, Marketing Strategy (Bangkok Based, relocation provided)",Agoda,posted,2026-07-08T21:55:50.796782,329
2752520956b07bd2,https://al.linkedin.com/jobs/view/ict-engineer-at-ehvert-mission-critical-a-salas-o-brien-company-4437111622,ICT Engineer,Ehvert Mission Critical - a Salas O'Brien Company,posted,2026-07-09T10:35:05.963596,331
676500acedf65e42,https://al.linkedin.com/jobs/view/or-surgery-scheduler-front-desk-representative-at-novamed-4438569735,OR Surgery Scheduler / Front Desk Representative,Novamed,posted,2026-07-09T10:35:23.582266,333
e6a14cd6c2b23bce,https://al.linkedin.com/jobs/view/junior-digital-merchandiser-with-french-at-estorelabs-4438211240,Junior Digital Merchandiser with French,,scraped,2026-07-09T10:35:26.346155,
b216177551a8520b,https://al.linkedin.com/jobs/view/revenue-operations-specialist-at-neon-4434523931,Revenue Operations Specialist,NEON,posted,2026-07-09T10:35:41.013308,335
5ab9b3546c448ad9,https://al.linkedin.com/jobs/view/sales-director-at-opel-albania-noshi-4435645703,Sales Director,OPEL ALBANIA - NOSHI,posted,2026-07-09T10:35:52.577410,337
adc0c664351db339,https://al.linkedin.com/jobs/view/junior-marketing-specialist-at-bulls-vision-group-4433109146,Junior Marketing Specialist,,scraped,2026-07-09T10:35:57.287228,
1c8e39be81c58be7,https://al.linkedin.com/jobs/view/native-german-customer-support-consultant-remote-at-supportyourapp-4437167302,(native German) Customer Support Consultant (remote),SupportYourApp,posted,2026-07-09T10:36:10.756625,339
cc5d0577a2d89b0c,https://al.linkedin.com/jobs/view/team-leader-%E2%80%93-customer-care-at-omnes-agency-4434822895,TEAM LEADER – CUSTOMER CARE,,scraped,2026-07-09T10:36:25.474881,
7423534e4859e0f5,https://al.linkedin.com/jobs/view/medical-sales-representative-at-domp%C3%A9-4364249330,Medical Sales Representative,,scraped,2026-07-09T10:36:34.451604,
2ee7c00cc26f31a5,https://al.linkedin.com/jobs/view/fp-a-group-controller-at-quotidiano-sanit%C3%A0-club-4438172842,FP&A Group Controller,,scraped,2026-07-09T10:36:47.674816,
ec43cf7c3c835604,https://al.linkedin.com/jobs/view/finance-accounting-associate-usa-schedule-at-hitweb-it-4434814873,Finance & Accounting Associate (USA SCHEDULE),Hitweb.it,posted,2026-07-09T10:37:07.711499,341
05cc01f0bb353249,https://al.linkedin.com/jobs/view/albania-growth-partner-startup-proptech-at-wizio-london-4438598104,Albania Growth Partner - Startup PropTech,,scraped,2026-07-09T10:37:12.462303,
698a7e7f38cd96b7,https://al.linkedin.com/jobs/view/audit-assurance-intern-at-acca-careers-4436946364,Audit & Assurance Intern,,scraped,2026-07-09T10:37:20.728192,
4baecbe517379259,https://al.linkedin.com/jobs/view/graphic-designer-affinity-designer-at-printerior-albania-4434892411,Graphic Designer - Affinity Designer,,scraped,2026-07-09T10:37:27.799627,
62affaf622d1b4da,https://al.linkedin.com/jobs/view/junior-controlling-manager-at-auto1-group-4437371925,Junior Controlling Manager,,scraped,2026-07-09T10:37:34.696579,
8176432e5b31f596,https://al.linkedin.com/jobs/view/audit-assurance-intern-at-deloitte-4426850522,Audit & Assurance Intern,Deloitte,posted,2026-07-09T10:37:53.677142,343
867391fd9f7c1d3d,https://al.linkedin.com/jobs/view/operations-coordinator-at-cs-outsource-4437305679,Operations Coordinator,CS Outsource,posted,2026-07-09T10:38:01.982782,345
4845da241027e672,https://al.linkedin.com/jobs/view/chief-legal-officer-at-orion-shpk-4435655521,Chief Legal Officer,,scraped,2026-07-09T10:38:10.683949,
8563a1862313faf7,https://al.linkedin.com/jobs/view/regional-sales-manager-equipment-at-quincy-compressor-4437057911,"Regional Sales Manager, Equipment",Quincy Compressor,posted,2026-07-09T10:38:24.355050,347
7522a0ccc54ac2e7,https://al.linkedin.com/jobs/view/bashkohuni-me-ekipin-ton%C3%AB-sh%C3%ABrbim-ndaj-klientit-gjermanisht-anglisht-%E2%80%93-100%25-pun%C3%AB-nga-sht%C3%ABpia-at-talentpop-app-4434884261,Bashkohuni me ekipin tonë: Shërbim ndaj Klientit (Gjermanisht/Anglisht) – 100% Punë nga Shtëpia,TalentPop App,posted,2026-07-09T10:38:33.362898,349
592ddd34a4d4b553,https://al.linkedin.com/jobs/view/senior-accountant-at-sj-consulting-shpk-4438236257,Senior Accountant,SJ Consulting shpk,posted,2026-07-09T10:38:42.332270,139
f743d5c23dffc894,https://al.linkedin.com/jobs/view/senior-penetration-tester-at-alphatechs-4431517170,Senior Penetration Tester,,scraped,2026-07-09T10:38:53.067985,
fdd044e11918b526,https://al.linkedin.com/jobs/view/gi-registered-nurse-ft-at-novamed-4438565849,GI Registered Nurse FT,Novamed,posted,2026-07-09T10:39:10.057939,351
868114b143885775,https://al.linkedin.com/jobs/view/bookkeeper-at-cs-outsource-4436010231,Bookkeeper,CS Outsource,posted,2026-07-09T10:39:24.854065,353
e2cf6e318301c961,https://al.linkedin.com/jobs/view/operations-specialist-payments-process-management-at-auto1-group-4437370950,Operations Specialist (Payments & Process Management),,scraped,2026-07-09T10:39:27.457977,
342ee54d27637c4e,https://al.linkedin.com/jobs/view/finance-operations-specialist-at-auto1-group-4437374807,Finance Operations Specialist,,scraped,2026-07-09T10:39:42.215067,
d9019c795f956f23,https://al.linkedin.com/jobs/view/audit-assurance-senior-analyst-at-deloitte-4384469407,Audit & Assurance Senior Analyst,Deloitte,posted,2026-07-09T10:39:57.313207,355
36eae67667e6d556,https://al.linkedin.com/jobs/view/noc-network-engineer-at-vem-sistemi-4438299925,NOC Network Engineer,,scraped,2026-07-09T10:40:01.651828,
5bdd411c9fd19266,https://al.linkedin.com/jobs/view/software-quality-engineer-engineering-team-at-deloitte-4399053239,Software Quality Engineer | Engineering Team,Deloitte,posted,2026-07-09T10:40:18.257715,357
76dbb6ccd64bf578,https://al.linkedin.com/jobs/view/artificial-intelligence-engineer-at-vodafone-4434883817,Artificial Intelligence Engineer,Vodafone,posted,2026-07-09T10:40:30.871004,359
67bcb54b13ee9544,https://al.linkedin.com/jobs/view/certified-surgical-tech-ft-at-novamed-4438584165,Certified Surgical Tech FT,Novamed,posted,2026-07-09T10:40:44.231418,361
f82dea120e0436c8,https://al.linkedin.com/jobs/view/german-english-speaking-customer-service-support-at-talentpop-app-4434875662,German-English Speaking Customer Service Support,TalentPop App,posted,2026-07-09T10:40:53.268130,325
0955af803f6062a4,https://al.linkedin.com/jobs/view/certified-surgical-tech-prn-at-novamed-4438566804,Certified Surgical Tech PRN,Novamed,posted,2026-07-09T10:41:08.863742,363
a4a5f419441c355e,https://al.linkedin.com/jobs/view/registered-nurse-preop-pacu-ft-at-novamed-4438569743,Registered Nurse PreOp PACU FT,Novamed,posted,2026-07-09T10:41:18.867328,365
058775355396b085,https://al.linkedin.com/jobs/view/registered-nurse-preop-pacu-prn-at-novamed-4438563932,Registered Nurse PreOp PACU PRN,Novamed,posted,2026-07-09T10:41:28.491047,367
fa0f157a2e1f3071,https://al.linkedin.com/jobs/view/albanian-speaking-content-moderator-for-social-media-work-in-sofia-bulgaria-at-mercier-consultancy-md-4437724723,"Albanian Speaking Content Moderator For Social Media - Work In Sofia, Bulgaria",Mercier Consultancy MD,posted,2026-07-09T18:28:29.725248,369
1f49223f926d515b,https://al.linkedin.com/jobs/view/data-validaton-analyst-at-cardo-ai-4436806565,Data Validaton Analyst,CARDO AI,posted,2026-07-09T18:28:53.997162,371
4300ed932de98251,https://al.linkedin.com/jobs/view/architect-at-hsem-shpk-4433179446,Architect,,scraped,2026-07-09T18:29:00.716169,
16e450d9c14897db,https://al.linkedin.com/jobs/view/junior-operations-manager-at-auto1-group-4437549442,Junior Operations Manager,,scraped,2026-07-09T18:29:21.588654,
127be805639b3cdc,https://al.linkedin.com/jobs/view/gynecologist-4438640428,Gynecologist,FarmaBlend,posted,2026-07-09T18:29:50.781897,373
07dd5cf9ab81885d,https://al.linkedin.com/jobs/view/construction-site-director-at-lake-shore-residence-4435680019,Construction Site Director,,scraped,2026-07-09T18:29:57.419838,
52df309ee2bcc427,https://al.linkedin.com/jobs/view/menaxher-e-shoq%C3%ABrues-p%C3%ABrkthyes-invest-medical-albania-at-dm-consulting-services-4435688603,Menaxher/e (Shoqërues / Përkthyes) (INVEST MEDICAL ALBANIA),DM Consulting Services,posted,2026-07-09T18:30:29.449616,375
4659a56639e559a5,https://al.linkedin.com/jobs/view/technical-support-engineer-at-cdata-software-4404969983,Technical Support Engineer,CData Software,posted,2026-07-09T18:30:41.456116,377
b516ba0a2bfa2c44,https://al.linkedin.com/jobs/view/data-ai-tutor-freelance-albania-at-develhope-4434850892,Data & AI Tutor Freelance - Albania,Develhope,posted,2026-07-09T18:31:00.993372,379
e44fca07e4da7baa,https://al.linkedin.com/jobs/view/commission-analyst-maternity-cover-vois-at-vois-4427834643,COMMISSION ANALYST (Maternity Cover) - VOIS,,scraped,2026-07-09T18:31:03.761317,
395ea180c622d5cb,https://al.linkedin.com/jobs/view/collaborateur-comptable-h-f-at-l-usine-nouvelle-4433798061,Collaborateur Comptable (H/F),L'Usine Nouvelle,posted,2026-07-09T18:31:33.071156,381
348dc10698ced109,https://al.linkedin.com/jobs/view/kundenservice-deutsch-englisch-%E2%80%93-100%25-remote-homeoffice-at-talentpop-app-4434892190,Kundenservice (Deutsch/Englisch) – 100% Remote / Homeoffice,TalentPop App,posted,2026-07-09T18:31:40.509831,317
9380472357dad658,https://al.linkedin.com/jobs/view/payments-acceptance-senior-officer-at-raiffeisen-bank-albania-4435669753,Payments Acceptance Senior Officer,,scraped,2026-07-09T18:31:47.165779,
fa66c286ebd3a3f0,https://al.linkedin.com/jobs/view/class-coordinator-freelance-albania-at-develhope-4435693291,Class Coordinator Freelance - Albania,Develhope,posted,2026-07-09T18:32:18.611829,383
ae74626a1c3cb8a8,https://al.linkedin.com/jobs/view/grocery-stocker-at-brookshire-grocery-company-4438534951,Grocery Stocker,Brookshire Grocery Company,posted,2026-07-09T18:32:33.102791,385
c8269228ebcc4eb8,https://al.linkedin.com/jobs/view/assistant-4435675864,Assistant,Zyrë avokatie 'Stefan Topalli',posted,2026-07-09T18:32:58.177511,387
9442a962b9f81397,https://al.linkedin.com/jobs/view/business-development-sales-consultant-%E2%80%93-professional-hair-care-at-s-procosmetics-4435666362,Business Development & Sales Consultant – Professional Hair Care,,scraped,2026-07-09T18:33:00.946538,
c34564d0c68327a1,https://al.linkedin.com/jobs/view/bilingual-customer-service-specialist-german-english-%E2%80%93-voice-chat-at-talentpop-app-4434877589,Bilingual Customer Service Specialist (German/English) – Voice & Chat,TalentPop App,posted,2026-07-09T18:33:26.062823,389
86fe8326421e4190,https://al.linkedin.com/jobs/view/remote-customer-support-representative-german-english-at-talentpop-app-4435669585,Remote Customer Support Representative (German & English),TalentPop App,posted,2026-07-09T18:33:49.501951,391
72f42b7c88b93b33,https://al.linkedin.com/jobs/view/ai-engineer-technical-lead-at-vodafone-4435663861,AI Engineer Technical Lead,,scraped,2026-07-09T18:33:52.143759,
7470881f0bcc543b,https://al.linkedin.com/jobs/view/remote-customer-support-representative-german-english-at-talentpop-app-4435685124,Remote Customer Support Representative (German & English),TalentPop App,posted,2026-07-09T18:34:06.109692,391
ee3434cff6199bd8,https://al.linkedin.com/jobs/view/remote-customer-support-representative-german-english-at-talentpop-app-4435677260,Remote Customer Support Representative (German & English),TalentPop App,posted,2026-07-09T18:34:11.844041,391
af1ec06ed9c218d9,https://al.linkedin.com/jobs/view/it-system-devops-technician-at-vem-sistemi-4438296925,IT System & DevOps Technician,,scraped,2026-07-09T18:34:18.181010,
4ef31424e7e7cdf0,https://al.linkedin.com/jobs/view/infermier-at-diaverum-4252818275,Infermier,Diaverum,posted,2026-07-09T18:34:41.409757,393
3c8901162983953a,https://al.linkedin.com/jobs/view/vodafone-albania-discover-graduate-at-vodafone-4435663863,Vodafone Albania Discover Graduate,,scraped,2026-07-09T23:55:17.153840,
b2db9e4ffd57523f,https://al.linkedin.com/jobs/view/bi-developer-at-lutech-4438636043,BI Developer,,scraped,2026-07-09T23:55:46.092984,
ef42f035d35467fd,https://al.linkedin.com/jobs/view/human-resources-manager-at-bulls-vision-group-4435685281,Human Resources Manager,,scraped,2026-07-09T23:55:57.078297,
f3bab4c8f66d8862,https://al.linkedin.com/jobs/view/construction-project-manager-at-eb-invest-4435681575,Construction Project Manager,,scraped,2026-07-09T23:56:23.752216,
aa3117310b2aa865,https://al.linkedin.com/jobs/view/agent-de-support-client-bilingue-fran%C3%A7ais-et-anglais-secteur-voyage-et-tourisme-at-csc-digital-4438846454,AGENT DE SUPPORT CLIENT BILINGUE (FRANÇAIS ET ANGLAIS)_SECTEUR VOYAGE ET TOURISME,CSC Digital,posted,2026-07-09T23:56:40.517825,395
de453a952f0763fe,https://al.linkedin.com/jobs/view/lider-liderka-zmiany-at-dealz-poland-4435683637,Lider / Liderka zmiany,,scraped,2026-07-09T23:56:43.106439,
4a5a1eb5713b3141,https://al.linkedin.com/jobs/view/lider-liderka-zmiany-at-dealz-poland-4435675807,Lider / Liderka zmiany,,scraped,2026-07-09T23:56:51.020755,
ed1499ec988a368f,https://al.linkedin.com/jobs/view/senior-accountant-at-telelink-infra-4435671223,Senior Accountant,,scraped,2026-07-09T23:56:58.264339,
9d70b5566f8cbebe,https://al.linkedin.com/jobs/view/financial-reporting-analyst-maternity-cover-vois-at-vois-4427822728,FINANCIAL REPORTING ANALYST (Maternity Cover) - VOIS,,scraped,2026-07-09T23:57:15.518531,
8390d10698edec84,https://al.linkedin.com/jobs/view/senior-accountant-at-kalaja-talent-consulting-4435655348,Senior Accountant,,scraped,2026-07-09T23:57:36.405933,
d55d1156af0490d0,https://al.linkedin.com/jobs/view/zast%C4%99pca-zast%C4%99pczyni-kierownika-sklepu-dealz-at-dealz-poland-4435688514,Zastępca / Zastępczyni Kierownika Sklepu Dealz,,scraped,2026-07-09T23:57:45.122968,
0c926c22dc691900,https://al.linkedin.com/jobs/view/senior-front-end-developer-angular-at-worldly-4438816459,Senior Front-End Developer (Angular),Worldly,posted,2026-07-09T23:58:15.298220,397
713dec31209e59e7,https://al.linkedin.com/jobs/view/junior-operations-payments-process-management-at-auto1-group-4437544740,Junior Operations (Payments & Process Management),,scraped,2026-07-09T23:58:23.912244,
d583e55b6aaab38b,https://al.linkedin.com/jobs/view/operations-manager-at-cs-outsource-4437321414,Operations Manager,CS Outsource,posted,2026-07-09T23:58:51.443362,399
62af525904250171,https://al.linkedin.com/jobs/view/senior-application-developer-at-deloitte-4435661801,Senior Application Developer,Deloitte,posted,2026-07-09T23:59:08.984931,401
58edb05428e9f723,https://al.linkedin.com/jobs/view/hr-services-specialist-italian-speaking-vois-at-vois-4427821818,HR Services Specialist (Italian Speaking) - VOIS,,scraped,2026-07-09T23:59:19.632657,
e86a49965cb2f996,https://al.linkedin.com/jobs/view/praca-dodatkowa-w-sklepie-dealz-at-dealz-poland-4435688512,Praca dodatkowa w Sklepie Dealz,,scraped,2026-07-09T23:59:36.197771,
2d95db041b3397fa,https://al.linkedin.com/jobs/view/mjek-nefrolog-at-diaverum-4252818272,Mjek Nefrolog,Diaverum,posted,2026-07-10T00:00:14.373106,327
96bcf26d62bd71df,https://al.linkedin.com/jobs/view/research-assistant-at-academia-sinica-taiwan-4438842200,Research Assistant,,scraped,2026-07-10T11:24:22.693608,
cce595203b3cf94e,https://al.linkedin.com/jobs/view/accountant-at-porsche-holding-4439021418,Accountant,,scraped,2026-07-10T11:24:36.742337,
de4ab3d78a8ead00,https://al.linkedin.com/jobs/view/quality-customer-support-week-end-shift-at-alcachofa-de-canarias-sl-4435945466,Quality Customer Support (Week-end Shift),Alcachofa de Canarias SL,posted,2026-07-10T11:25:38.595625,403
a83342bfe8861741,https://al.linkedin.com/jobs/view/senior-interior-designer-at-utopia-design-4438288669,Senior Interior Designer,,scraped,2026-07-10T11:25:43.214089,
ee8d06efc007c5cc,https://al.linkedin.com/jobs/view/marketing-manager-maternity-cover-dtc-e-commerce-100%25-remote-eu-at-foxelli-group-4438593607,Marketing Manager  (maternity cover)| DTC E-commerce | 100% Remote EU,,scraped,2026-07-10T11:26:16.030857,
24785cb74641547b,https://al.linkedin.com/jobs/view/junior-quality-operations-specialist-at-auto1-group-4437539780,Junior Quality Operations Specialist,,scraped,2026-07-10T11:26:28.210778,
961bbacf7f80b07e,https://al.linkedin.com/jobs/view/segretario-at-biz360-4433708173,Segretario,,scraped,2026-07-10T11:26:40.125576,
976760373ccf878d,https://al.linkedin.com/jobs/view/senior-financial-accountant-at-farebau-albania-4435961468,Senior Financial Accountant,,scraped,2026-07-10T11:27:02.885674,
63dc4d9d5eb92e06,https://al.linkedin.com/jobs/view/procurement-specialist-at-vega-solar-4435944984,Procurement Specialist,,scraped,2026-07-10T11:27:21.509287,
1ced752026cee0b9,https://al.linkedin.com/jobs/view/loan-officer-at-mia-finance-microcredit-institution-albania-4435963520,Loan Officer,,scraped,2026-07-10T11:27:48.551769,
34742f0938d0cf1f,https://al.linkedin.com/jobs/view/ekonomist-e-specialist-e-finance-p%C3%ABr-ark%C3%ABn-dhe-pagesat-at-sicred-sh-a-4435676849,Ekonomist/e - Specialist/e Finance për Arkën dhe Pagesat,,scraped,2026-07-10T11:27:58.153698,
9eafeba8b312ec94,https://al.linkedin.com/jobs/view/advisory-associate-mergers-acquisitions-at-acca-careers-4437770864,Advisory Associate (Mergers & Acquisitions),,scraped,2026-07-10T11:28:05.403152,
bd87bb3f4c468b64,https://al.linkedin.com/jobs/view/support-team-lead-italian-speaking-at-wolt-4436023868,Support Team Lead (Italian speaking),,scraped,2026-07-10T11:28:12.032826,
2ef7872c49e790b7,https://al.linkedin.com/jobs/view/specialaist-blerjesh-at-alb-zeus-shpk-4435960505,Specialaist Blerjesh,ALB-ZEUS SHPK,posted,2026-07-10T11:28:31.019608,405
0dda00d5f5df408a,https://al.linkedin.com/jobs/view/italian-speaking-web-researcher-at-web-research-analyst-4436078029,Italian-speaking Web Researcher,Web Research Analyst,posted,2026-07-10T11:28:54.403674,407
e89d9b0de6e6da3f,https://al.linkedin.com/jobs/view/google-ads-specialist-at-prorecruit-al-4431939923,Google Ads Specialist,ProRecruit.al,posted,2026-07-10T11:29:19.343984,409
832bdda5a4ddf15b,https://al.linkedin.com/jobs/view/general-practitioner-at-american-medical-centers-4435943791,General Practitioner,,scraped,2026-07-10T11:29:21.935414,
fb881b4a23ba8d10,https://al.linkedin.com/jobs/view/infermier-at-diaverum-4252812736,Infermier,Diaverum,posted,2026-07-10T11:29:39.082343,393
cd54b2b0561d0a7e,https://al.linkedin.com/jobs/view/senior-data-engineer-at-lutech-4438637045,Senior Data Engineer,,scraped,2026-07-10T11:29:49.759225,
19211c6e2ec4da15,https://al.linkedin.com/jobs/view/digital-marketing-social-media-specialist-at-quotidiano-sanit%C3%A0-club-4439027028,Digital Marketing- Social Media Specialist,,scraped,2026-07-10T11:29:58.326929,
9ebd334c08ab800d,https://al.linkedin.com/jobs/view/junior-digital-merchandiser-with-french-at-estorelabs-4438190998,Junior Digital Merchandiser with French,,scraped,2026-07-10T11:30:09.378996,
9fcdc9cb467983db,https://al.linkedin.com/jobs/view/german-customer-support-representative-remote-at-talentpop-app-4435679211,German Customer Support Representative (Remote),TalentPop App,posted,2026-07-10T11:30:29.740819,411
ac763aea615aa931,https://al.linkedin.com/jobs/view/german-customer-support-representative-remote-at-talentpop-app-4435667595,German Customer Support Representative (Remote),TalentPop App,posted,2026-07-10T11:30:35.121082,411
2e3dc05e7f8f868b,https://al.linkedin.com/jobs/view/bilingual-customer-service-specialist-german-english-%E2%80%93-voice-chat-at-talentpop-app-4434884490,Bilingual Customer Service Specialist (German/English) – Voice & Chat,TalentPop App,posted,2026-07-10T11:30:40.830788,389
245231e8f0be74fa,https://al.linkedin.com/jobs/view/bilingual-customer-service-specialist-german-english-%E2%80%93-voice-chat-at-talentpop-app-4434888466,Bilingual Customer Service Specialist (German/English) – Voice & Chat,TalentPop App,posted,2026-07-10T11:30:45.841043,389
5e55b1e8fd29df05,https://al.linkedin.com/jobs/view/hellen-tecle-juicht-andere-ondernemers-toe-met-haar-marketingcheerleader-at-melaninfinity-magazine-4437998243,Hellen Tecle juicht andere ondernemers toe met haar Marketingcheerleader,Melaninfinity Magazine,posted,2026-07-10T11:30:59.958899,413
08965b5f5253dd0c,https://al.linkedin.com/jobs/view/german-english-speaking-customer-service-support-at-talentpop-app-4434870820,German-English Speaking Customer Service Support,TalentPop App,posted,2026-07-10T11:31:13.860769,325
f685f5dabbeb8323,https://al.linkedin.com/jobs/view/cloud-infrastructure-devops-engineer-at-quotidiano-sanit%C3%A0-club-4439010849,CLOUD INFRASTRUCTURE & DEVOPS ENGINEER,,scraped,2026-07-10T11:31:16.481338,
002e7beecdfe55f0,https://al.linkedin.com/jobs/view/fluent-english-implementation-consultant-remote-at-supportyourapp-4439067817,(fluent English) Implementation Consultant (remote),SupportYourApp,posted,2026-07-10T18:10:03.973619,415
bcc3c216cfb570d4,https://al.linkedin.com/jobs/view/design-architect-at-utopia-design-4439327214,Design Architect,,scraped,2026-07-10T18:10:10.583593,
30810464a2727e04,https://al.linkedin.com/jobs/view/wanderf%C3%BChrer-in-albanien-kosovo-montenegro-und-nordmazedonien-at-zbulo%21-discover-albania-4435962659,"Wanderführer in Albanien, Kosovo, Montenegro und Nordmazedonien",,scraped,2026-07-10T18:10:29.188779,
037639da774afcc0,https://al.linkedin.com/jobs/view/specialist-e-finance-durres-hari-lena-group-at-horeca-in-albania-4435643966,Specialist/e Finance Durres (Hari Lena Group),HoReCa in Albania,posted,2026-07-10T18:11:11.942897,417
93d1862eec62a65c,https://al.linkedin.com/jobs/view/accountant-at-quotidiano-sanit%C3%A0-club-4439007880,Accountant,,scraped,2026-07-10T18:11:16.517916,
82bdc0dfc61699a1,https://al.linkedin.com/jobs/view/peugeot-3008-1-5bluehdi-led-nav-at-holliday-auto-ku%C4%87a-4439094081,PEUGEOT 3008 1.5BlueHDI Led Nav,,scraped,2026-07-10T18:11:57.717124,
73ce8a7bd62f7257,https://al.linkedin.com/jobs/view/finance-manager-at-smart-home-albania-4435981280,Finance Manager,,scraped,2026-07-10T18:12:04.510614,
82e337769c377873,https://al.linkedin.com/jobs/view/albania-online-language-school-franchise-partnership-at-lingua-learn-franchise-group-4439006980,Albania Online Language School Franchise Partnership,Lingua Learn Franchise Group,posted,2026-07-10T18:12:28.785627,419
f626c46069ec3b0d,https://al.linkedin.com/jobs/view/receptionist-facility-assistant-part-time-at-concentrix-4438643627,Receptionist/Facility Assistant Part Time,Concentrix,posted,2026-07-10T18:12:40.970330,421
e8310ec91398fa76,https://al.linkedin.com/jobs/view/tenure-track-tenured-faculty-position-in-library-and-information-science-artificial-intelligence-research-at-ischools-inc-4437927087,Tenure-Track/Tenured Faculty Position in Library and Information Science: Artificial Intelligence Research,iSchools Inc.,posted,2026-07-10T18:13:24.589531,423
af60a05a57b03013,https://al.linkedin.com/jobs/view/german-customer-support-representative-remote-at-talentpop-app-4435681163,German Customer Support Representative (Remote),TalentPop App,posted,2026-07-10T18:13:54.925624,411
b4da54f94b24b0f3,https://al.linkedin.com/jobs/view/con-2026-24-local-consultants-to-support-municipalities-for-creation-of-municipal-action-plan-for-the-migration-and-diaspora-structures-at-the-municipal-level-2-positions-at-iom-un-migration-4438809796,CON 2026/24 - Local Consultants to support municipalities for creation of Municipal Action Plan for the Migration and Diaspora Structures at the municipal level (2 positions).,IOM - UN Migration,posted,2026-07-10T18:14:28.832244,425
9c906738d9e6f6c9,https://al.linkedin.com/jobs/view/uk-payroll-consultant-at-ofive-global-4432790728,UK Payroll Consultant,Ofive Global,posted,2026-07-10T23:33:37.692955,427
aa50a60088b7bd10,https://al.linkedin.com/jobs/view/real-estate-consultant-at-century-21-cpm-4435975281,Real Estate Consultant,,scraped,2026-07-10T23:33:40.298647,
37753e228951730c,https://al.linkedin.com/jobs/view/specialist-e-magazine-atronix-at-retail-albania-4435960925,Specialist/e Magazine (Atronix),Retail Albania,posted,2026-07-10T23:33:58.043097,429
b2e6e8dd462dad3d,https://al.linkedin.com/jobs/view/customer-service-technician-at-devonshire-development-co-4439326100,CUSTOMER SERVICE TECHNICIAN,Devonshire Development Co,posted,2026-07-10T23:34:15.302093,431
7c4583f834923650,https://al.linkedin.com/jobs/view/logistic-officer-at-titan-albania-4437983943,Logistic Officer,,scraped,2026-07-10T23:34:17.946163,
50428aef69d3a324,https://al.linkedin.com/jobs/view/con-2026-25-local-consultant-to-prepare-individual-education-and-employment-plans-in-the-municipality-of-tirana-duty-location-municipality-of-tirana-at-iom-un-migration-4438809801,CON 2026/25 Local consultant to prepare Individual Education and Employment Plans in the Municipality of Tirana. Duty location: Municipality of Tirana,IOM - UN Migration,posted,2026-07-10T23:34:37.302507,433
800b87b07ca57f7c,https://al.linkedin.com/jobs/view/operator-makinerie-at-so-cart-albania-4434529295,Operator Makinerie,So Cart Albania,posted,2026-07-10T23:34:49.304013,435
4ed762bc7517c6b8,https://al.linkedin.com/jobs/view/vodafone-albania-discover-graduate-at-vodafone-4435641685,Vodafone Albania Discover Graduate,Vodafone,posted,2026-07-10T23:35:15.063596,437
04e67519727f1c66,https://al.linkedin.com/jobs/view/inxhinier-mekanik-at-balfin-construction-4439091885,Inxhinier Mekanik,Balfin Construction,posted,2026-07-10T23:35:27.088833,439
bcb0bf810a2c0c48,https://al.linkedin.com/jobs/view/junior-operations-manager-at-auto1-group-4438314279,Junior Operations Manager,,scraped,2026-07-10T23:35:35.680391,
4a76f47f19e0d0d6,https://al.linkedin.com/jobs/view/production-buyer-at-quincy-compressor-4354865945,Production Buyer,Quincy Compressor,posted,2026-07-10T23:35:56.091922,441
06b1e846b270df15,https://al.linkedin.com/jobs/view/audit-associate-at-grant-thornton-albania-4439066178,Audit Associate,,scraped,2026-07-10T23:36:10.713698,
ad9f82b5beb9d85a,https://al.linkedin.com/jobs/view/operator-at-kalaja-talent-consulting-4435666942,Operator,,scraped,2026-07-10T23:36:23.723377,
14b0590075401f41,https://al.linkedin.com/jobs/view/koordinator-turizmi-travel-coordinator-at-albania-holidays-dmc-4435953930,Koordinator Turizmi (Travel Coordinator),,scraped,2026-07-10T23:36:38.575820,
e3bfa5a15f969a4e,https://al.linkedin.com/jobs/view/sat%C4%B1%C5%9F-eleman%C4%B1-at-meva-patisserie-4435699621,Satış Elemanı,meva.patisserie,posted,2026-07-10T23:37:16.438631,443
7e60b10c50e64358,https://al.linkedin.com/jobs/view/chef-d-%C3%A9quipe-de-maintenance-cvc-plomberie-at-groupe-hospitalier-artois-ternois-4435978733,Chef d'équipe de maintenance CVC - Plomberie,,scraped,2026-07-10T23:37:18.964111,
fffacc6663e997a5,https://al.linkedin.com/jobs/view/con-2025-26-local-consultant-to-support-the-national-diaspora-agency-nda-in-strengthening-local-migration-and-diaspora-structures-at-iom-un-migration-4439079674,CON 2025/26 - Local Consultant to support the National Diaspora Agency (NDA) in strengthening local migration and diaspora structures.,IOM - UN Migration,posted,2026-07-10T23:38:13.643289,445
afae966c7f362cb5,https://al.linkedin.com/jobs/view/%F0%9F%93%A2-addetto-a-presa-appuntamenti-part-time-%E2%80%93-settore-turismo-at-booking-operators-4435969985,📢 Addetto/a Presa Appuntamenti Part-Time – Settore Turismo,Booking Operators,posted,2026-07-10T23:38:42.074187,447
1cfa17e898a517c7,https://al.linkedin.com/jobs/view/marketing-specialist-at-cs-outsource-4438356668,Marketing Specialist,CS Outsource,posted,2026-07-10T23:39:12.717244,293
28a0bc14be33d030,https://al.linkedin.com/jobs/view/re-announcement-con-2026-16-international-ict-consultant-%E2%80%93-digital-architecture-and-remittance-systems-analysis-at-iom-un-migration-4439091284,Re-announcement CON 2026/16 - International ICT Consultant – Digital Architecture and Remittance Systems Analysis,IOM - UN Migration,posted,2026-07-10T23:39:54.755690,449
689d06616f5a5730,https://al.linkedin.com/jobs/view/associate-manager-customer-marketing-bangkok-based-relocation-provided-at-agoda-4410548288,"Associate Manager, Customer Marketing (Bangkok Based, Relocation Provided)",Agoda,posted,2026-07-10T23:40:29.916932,451
d670e3774e7fa2bc,https://al.linkedin.com/jobs/view/cloud-data-operations-engineer-at-bip-4439011799,Cloud & Data Operations Engineer,BIP,posted,2026-07-10T23:40:58.640377,453
831d35f332185a4c,https://al.linkedin.com/jobs/view/architect-at-h2h-solutions-4439387884,Architect,,scraped,2026-07-11T07:23:49.014774,
e48ab21b70fdfe84,https://al.linkedin.com/jobs/view/junior-accountant-at-pivot-enterprise-solutions-4436654514,Junior Accountant,,scraped,2026-07-11T07:24:35.616371,
861b97414d0ef5ef,https://al.linkedin.com/jobs/view/sales-manager-at-astech-advanced-systems-technologies-4431901523,Sales Manager,,scraped,2026-07-11T07:24:47.022982,
611909e18ae59f3b,https://al.linkedin.com/jobs/view/manipulateur-trice-d-%C3%A9lectroradiologie-m%C3%A9dicale-h-f-at-groupe-hospitalier-artois-ternois-4435975769,Manipulateur(trice) d'électroradiologie médicale H/F,,scraped,2026-07-11T07:25:14.948914,
67cb723954c02ff9,https://al.linkedin.com/jobs/view/ai-engineer-at-vodafone-4435678450,AI Engineer,,scraped,2026-07-11T07:25:23.975945,
30f3be47e8f482f5,https://al.linkedin.com/jobs/view/technicien-itin%C3%A9rant-h-f-at-acrelec-software-romania-4438907188,Technicien Itinérant (H/F),,scraped,2026-07-11T07:25:34.595801,
41bf89107579aecf,https://al.linkedin.com/jobs/view/inside-sales-agent-at-ignis-agency-4436618195,Inside Sales Agent,,scraped,2026-07-11T07:25:41.859071,
7bfb67dc6274dc90,https://al.linkedin.com/jobs/view/oficer-e-raportimi-at-albstar-4435685207,Oficer/e Raportimi,AlbStar,posted,2026-07-11T07:26:49.797655,455
c376c0605e009020,https://al.linkedin.com/jobs/view/artificial-intelligence-co-founder-cmo-100-%25-remote-m-f-d-at-ewor-4438361056,Artificial Intelligence Co-Founder / CMO (100 % remote) (m/f/d),,scraped,2026-07-11T07:26:52.476976,
1fa264fddc87db0d,https://al.linkedin.com/jobs/view/software-tester-at-ebsco-information-services-4437355641,software  tester,EBSCO Information Services,posted,2026-07-11T07:27:11.922360,457
7e81eb6c036fc6a2,https://al.linkedin.com/jobs/view/salesforce-senior-consultant-at-lda-digital-solutions-4438246957,Salesforce Senior Consultant,LDA Digital Solutions,posted,2026-07-11T07:27:24.299736,459
21bae7b53fee6fc7,https://al.linkedin.com/jobs/view/accountant-at-pivot-enterprise-solutions-4436652545,Accountant,,scraped,2026-07-11T11:34:48.540875,
036b93f2c5b0c2c0,https://al.linkedin.com/jobs/view/technical-design-project-support-electrical-engineer-at-albesol-shpk-4439058463,Technical Design & Project Support | Electrical Engineer,,scraped,2026-07-11T11:35:04.618321,
5e2e453d5a4c237c,https://al.linkedin.com/jobs/view/architect-at-vital-architects-4435992959,Architect,,scraped,2026-07-11T11:35:11.058977,
927ccc568052f614,https://al.linkedin.com/jobs/view/magazinier-at-brunes-group-4435987505,Magazinier,,scraped,2026-07-11T11:36:11.207313,
f9045d1bb6f5f8ce,https://al.linkedin.com/jobs/view/inxhinier-strukture-at-kontakt-al-4436669384,Inxhinier Strukture,,scraped,2026-07-11T11:36:32.683236,
9e5694a0960cfca5,https://al.linkedin.com/jobs/view/applied-ai-co-founder-cco-100-%25-remote-m-f-d-at-ewor-4438341876,Applied AI Co-Founder / CCO (100 % remote) (m/f/d),,scraped,2026-07-11T11:36:39.691904,
20bd0f6d2a39103d,https://al.linkedin.com/jobs/view/debt-collector-at-credital-4435976529,Debt Collector,,scraped,2026-07-11T11:36:48.247581,
c5395aa2e7522ba3,https://al.linkedin.com/jobs/view/principal-ml-ops-engineer-emea-remote-at-pragmatike-4439360042,Principal ML Ops Engineer (EMEA Remote),,scraped,2026-07-11T11:37:02.927957,
82ab49a7dc5b8530,https://al.linkedin.com/jobs/view/it-solution-designer-at-deloitte-4408407051,IT Solution Designer,Deloitte,posted,2026-07-11T11:37:42.583337,461
58b2954a63c0cb9c,https://al.linkedin.com/jobs/view/accountant-at-flex-business-solutions-4439337314,Accountant,,scraped,2026-07-11T11:37:49.281040,
900664be75708aa4,https://al.linkedin.com/jobs/view/travel-agent-italian-speaking-at-bizaway-4400769194,Travel Agent Italian Speaking,,scraped,2026-07-11T11:38:10.921104,
a4076b311216fbcb,https://al.linkedin.com/jobs/view/customer-service-advisor-airbnb-italian-at-concentrix-4427809280,Customer Service Advisor - Airbnb - Italian,Concentrix,posted,2026-07-11T11:38:26.432424,101
42a918296d55ec11,https://al.linkedin.com/jobs/view/advisory-associate-transaction-services-italian-department-at-deloitte-4362280574,Advisory Associate (Transaction Services) - Italian Department,Deloitte,posted,2026-07-11T11:38:43.454283,463
1b03db2ed6a37969,https://al.linkedin.com/jobs/view/mjek-nefrolog-at-diaverum-4252812733,Mjek Nefrolog,Diaverum,posted,2026-07-11T11:39:03.643128,327
8c023c1b4f32b172,https://al.linkedin.com/jobs/view/electrician-at-panele-besi-shpk-4436677341,Electrician,,scraped,2026-07-11T15:35:35.457321,
6eabade7ea7ff702,https://al.linkedin.com/jobs/view/invitation-to-submit-offers-for-local-consultancy-services-eu4rivers-relaunch-at-eubam-libya-4439397495,Invitation to submit offers for local consultancy services EU4RIVERS - Relaunch,,scraped,2026-07-11T15:35:48.922269,
8402f2e735bb8630,https://al.linkedin.com/jobs/view/mechanical-method-engineer-at-titan-albania-4422040048,Mechanical Method Engineer,,scraped,2026-07-11T15:35:58.181490,
77a5fc05468fa641,https://al.linkedin.com/jobs/view/healthtech-co-founder-cpto-100-%25-remote-m-f-d-at-ewor-4438302585,HealthTech Co-Founder / CPTO (100 % remote) (m/f/d),,scraped,2026-07-11T15:36:41.371280,
f62e5b88afabec21,https://al.linkedin.com/jobs/view/senior-electrical-engineer-at-panele-besi-shpk-4436664593,Senior Electrical Engineer,,scraped,2026-07-11T18:41:04.274741,
ff5b5387a9425581,https://al.linkedin.com/jobs/view/power-platform-developer-contractor-at-hso-4437999328,Power Platform Developer (Contractor),HSO,posted,2026-07-11T18:42:13.709491,465
685b61e59f507914,https://al.linkedin.com/jobs/view/contact-at-jewelers-of-america-inc-4438916782,Contact,"Jewelers of America, Inc.",posted,2026-07-11T18:42:23.910716,467
068ccc83dcf1842c,https://al.linkedin.com/jobs/view/tenure-track-tenured-faculty-position-in-library-and-information-science-artificial-intelligence-research-at-ischools-inc-4438949125,Tenure-Track/Tenured Faculty Position in Library and Information Science: Artificial Intelligence Research,iSchools Inc.,posted,2026-07-11T18:43:03.087089,469
a8ebac8845467fc5,https://al.linkedin.com/jobs/view/travel-agent-italian-speaking-at-bizaway-4389595250,Travel Agent - Italian Speaking,,scraped,2026-07-11T18:43:07.539965,
7c65d2029ed5b62a,https://al.linkedin.com/jobs/view/short-term-rental-virtual-customer-assistant-full-remote-at-xenia-4437763530,Short-term Rental Virtual Customer Assistant | Full-Remote,Xenia,posted,2026-07-11T20:54:08.337091,471
86ad1fff638df123,https://al.linkedin.com/jobs/view/financier-at-sos-children-s-villages-international-4439410548,Financier,SOS Children's Villages International,posted,2026-07-13T19:03:40.766321,473
525dded4419f6878,https://al.linkedin.com/jobs/view/fluent-english-implementation-consultant-remote-at-supportyourapp-4439077191,(fluent English) Implementation Consultant (remote),SupportYourApp,posted,2026-07-13T19:03:48.235158,415
81efec26da204ce0,https://al.linkedin.com/jobs/view/minister-of-music-at-alabama-baptist-state-board-of-missions-4436617848,Minister of Music,Alabama Baptist State Board of Missions,posted,2026-07-13T19:03:59.706797,475
86d7cda688c3a55f,https://al.linkedin.com/jobs/view/long-term-and-full-time-remote-english-customer-service-agent-at-pet-media-group-pmg-4436886269,[Long-Term and Full-Time] Remote English Customer Service Agent,,scraped,2026-07-13T19:04:04.721859,
b7cc3afedcf62578,https://al.linkedin.com/jobs/view/area-manager-at-heb-s-albania-4437278087,Area Manager,,scraped,2026-07-13T19:04:15.659463,
3e0c44610737cb77,https://al.linkedin.com/jobs/view/check-for-current-employment-opportunities-on-ethicaljobs-com-au-at-live-and-learn-environmental-education-tuvalu-4439116796,Check for current employment opportunities on ethicaljobs.com.au,,scraped,2026-07-13T19:04:39.497264,
fb8e673278ded6f3,https://al.linkedin.com/jobs/view/junior-graphic-designer-photo-editor-at-sada-platts-group-4440046918,Junior Graphic Designer & Photo Editor,Sada Platts Group,posted,2026-07-13T19:05:00.591912,477
747246a9df41de6c,https://al.linkedin.com/jobs/view/senior-pastor-full-time-at-hnw-employee-assistance-ministry-4438268343,Senior Pastor (Full-Time),HNW Employee Assistance Ministry,posted,2026-07-13T19:05:19.665376,479
9b357442e9394793,https://al.linkedin.com/jobs/view/ekonomist-magazine-lac-sukaj-shpk-at-dm-consulting-services-4437235890,Ekonomist Magazine Lac (SUKAJ SHPK),DM Consulting Services,posted,2026-07-13T19:05:37.273523,481
584f8852d0eb39fc,https://al.linkedin.com/jobs/view/electrical-method-engineer-at-titan-albania-4438937515,Electrical Method Engineer,,scraped,2026-07-13T19:05:45.981923,
379af846d8962c79,https://al.linkedin.com/jobs/view/marketing-assistant-at-talentbridge-albania-4440045087,Marketing Assistant,,scraped,2026-07-13T19:05:55.331668,
91bc75f97fb681fb,https://al.linkedin.com/jobs/view/manager-study-start-up-at-emerald-clinical-4438318635,"Manager, Study Start Up",,scraped,2026-07-13T19:06:03.615592,
3621d49ac19ba936,https://al.linkedin.com/jobs/view/financial-reporting-manager-at-assets-group-4439721753,Financial Reporting Manager,,scraped,2026-07-13T19:06:14.352858,
941d910d41b8a415,https://al.linkedin.com/jobs/view/addetto-a-alle-telefonate-informative-full-remote-at-redon-consulting-4440013852,Addetto/a alle Telefonate Informative (Full Remote),Redon Consulting,posted,2026-07-13T19:06:37.475277,483
656d5bd106f7d468,https://al.linkedin.com/jobs/view/senior-business-analyst-sap-at-remote-4440071640,Senior Business Analyst (SAP),Remote,posted,2026-07-13T19:07:10.174913,485
80338c92a7a86b8f,https://al.linkedin.com/jobs/view/healthcare-administrative-assistant-verification-of-benefits-vob-wfh-at-offshore-po-4439766950,Healthcare Administrative Assistant / Verification of Benefits (VOB) - WFH,Offshore PO,posted,2026-07-13T19:07:21.337603,487
329ad782a839d01d,https://al.linkedin.com/jobs/view/kundenservice-deutsch-englisch-%E2%80%93-100%25-remote-homeoffice-at-talentpop-app-4434881423,Kundenservice (Deutsch/Englisch) – 100% Remote / Homeoffice,TalentPop App,posted,2026-07-13T19:07:26.217434,317
7499d7dac3b36b61,https://al.linkedin.com/jobs/view/financier-ne-zyren-nacionale-at-sos-children-s-villages-albania-4437245897,Financier ne Zyren Nacionale,,scraped,2026-07-13T19:07:29.193914,
08b77a7477e7ceaa,https://al.linkedin.com/jobs/view/marketing-informues-b2b-usa-at-hitweb-it-4437243967,Marketing Informues B2B - USA,Hitweb.it,posted,2026-07-13T19:07:56.478228,489
25aa79ee1116b993,https://al.linkedin.com/jobs/view/platform-engineer-at-lufthansa-industry-solutions-4436672426,Platform Engineer,,scraped,2026-07-13T19:08:09.148288,
494a2912d1fd6fd9,https://al.linkedin.com/jobs/view/residential-service-plumber-at-carroll-plumbing-heating-inc-4439574957,Residential Service Plumber,"Carroll Plumbing &amp; Heating, Inc.",posted,2026-07-13T19:08:30.474057,491
1b7d86058cec0605,https://al.linkedin.com/jobs/view/it-associate-service-manager-incident-management-at-deloitte-4417957575,IT Associate Service Manager - Incident Management,Deloitte,posted,2026-07-13T19:08:48.205957,493
243939fce30e92f1,https://al.linkedin.com/jobs/view/etl-engineer-remote-work-at-bairesdev-4439431759,ETL Engineer - Remote Work,BairesDev,posted,2026-07-13T19:08:53.549834,41
37664ec69d33372d,https://al.linkedin.com/jobs/view/site-reliability-engineer-at-lufthansa-industry-solutions-4436669486,Site Reliability Engineer,,scraped,2026-07-13T19:09:06.220808,
83c4f8b0b0a5e720,https://al.linkedin.com/jobs/view/con-2026-26-local-consultant-to-support-the-national-diaspora-agency-nda-in-strengthening-local-migration-and-diaspora-structures-at-iom-un-migration-4439079674,CON 2026/26 - Local Consultant to support the National Diaspora Agency (NDA) in strengthening local migration and diaspora structures.,IOM - UN Migration,posted,2026-07-13T19:09:40.006043,495
464d8203eead2dc0,https://al.linkedin.com/jobs/view/mjek-nefrolog-at-diaverum-4252811971,Mjek Nefrolog,Diaverum,posted,2026-07-13T19:09:55.730455,327
dc449d03686a9886,https://al.linkedin.com/jobs/view/analyst-senior-analyst-b2b-digital-marketing-bangkok-based-relocation-provided-at-agoda-4420276693,"Analyst/Senior Analyst, B2B Digital Marketing (Bangkok Based, relocation provided)",Agoda,posted,2026-07-13T19:10:22.597781,497
28fa211c52d469fa,https://al.linkedin.com/jobs/view/asistente-finance-at-zero-absolute-4440217999,Asistente Finance,Zero Absolute,posted,2026-07-15T18:00:39.327311,499
e3a46ef003c89577,https://al.linkedin.com/jobs/view/senior-retail-director-at-assets-group-4440951255,Senior Retail Director,,scraped,2026-07-15T18:00:45.988569,
6bd0a83ac973aab5,https://al.linkedin.com/jobs/view/business-development-representative-at-mellon-group-4440554067,Business Development Representative,,scraped,2026-07-15T18:00:54.783098,
ca2dee270c81d11e,https://al.linkedin.com/jobs/view/commercial-director-at-assets-group-4440941377,Commercial Director,,scraped,2026-07-15T18:01:03.289763,
bfa03544bf53134b,https://al.linkedin.com/jobs/view/early-collector-at-tirana-bank-4439995311,Early Collector,Tirana Bank,posted,2026-07-15T18:01:26.661832,501
b5ee0828dd7f36ce,https://al.linkedin.com/jobs/view/executive-assistant-to-chief-executive-officer-at-timak-4437652345,Executive Assistant to Chief Executive Officer,Timak,posted,2026-07-15T18:01:43.877261,503
a31f52833157e177,https://al.linkedin.com/jobs/view/digital-marketing-technology-trainee-at-deloitte-4419258444,Digital Marketing Technology Trainee,Deloitte,posted,2026-07-15T18:01:59.207133,505
6aa3d2fb8fed5390,https://al.linkedin.com/jobs/view/front-desk-clerk-at-la-brisa-boutique-hotel-4441201112,Front Desk Clerk,La Brisa Boutique Hotel,posted,2026-07-15T18:02:12.382386,507
420f45fcabca3b43,https://al.linkedin.com/jobs/view/guest-relations-specialist-at-cs-outsource-4439462496,Guest Relations Specialist,CS Outsource,posted,2026-07-15T18:02:26.838405,509
f527667143489bbb,https://al.linkedin.com/jobs/view/junior-operations-support-at-engineering-albania-4437681991,Junior Operations Support,,scraped,2026-07-15T18:02:29.463205,
bd4800a1f1e15da0,https://al.linkedin.com/jobs/view/financial-planning-and-analyst-junior-at-concentrix-4440525006,Financial Planning and Analyst Junior,Concentrix,posted,2026-07-15T18:02:48.124104,511
a97cd8d0526bedfd,https://al.linkedin.com/jobs/view/account-manager-at-lango-4428725298,Account Manager,Lango,posted,2026-07-15T18:03:03.000889,513
86076dd2a39506e9,https://al.linkedin.com/jobs/view/residential-hvac-installation-technician-at-carroll-plumbing-heating-inc-4439579862,Residential HVAC Installation Technician,"Carroll Plumbing &amp; Heating, Inc.",posted,2026-07-15T18:03:17.704786,515
517002a085ec1fd6,https://al.linkedin.com/jobs/view/sales-manager-at-brunes-group-4438086188,Sales Manager,,scraped,2026-07-15T18:03:20.399819,
3719a61ca8180048,https://al.linkedin.com/jobs/view/marketing-coordinator-at-maritim-hotel-plaza-tirana-4438087556,Marketing Coordinator,,scraped,2026-07-15T18:03:33.051237,
215320fa71f3db80,https://al.linkedin.com/jobs/view/sales-manager-at-kalaja-talent-consulting-4437654935,Sales Manager,,scraped,2026-07-15T18:03:44.200365,
be8cb3f54f3226e0,https://al.linkedin.com/jobs/view/senior-personal-banker-korce-at-raiffeisen-bank-albania-4440024775,Senior Personal Banker Korce,,scraped,2026-07-15T18:03:54.267124,
47bbe7b6d39ad574,https://al.linkedin.com/jobs/view/electrical-engineering-specialist-at-kalaja-talent-consulting-4437669364,Electrical Engineering Specialist,,scraped,2026-07-15T18:04:03.415652,
334c0704e7e71793,https://al.linkedin.com/jobs/view/corporate-fundraising-officer-at-dimension-hr-4437256826,Corporate Fundraising Officer,,scraped,2026-07-15T18:04:09.629726,
228bdae83ace5e2e,https://al.linkedin.com/jobs/view/software-qa-engineer-at-techbeez-al-4438000136,Software QA Engineer,,scraped,2026-07-15T18:04:18.848897,
632ef26ef5a0d14c,https://al.linkedin.com/jobs/view/officer-of-retail-restructuring-unit-at-tirana-bank-4439996305,Officer of Retail Restructuring Unit,Tirana Bank,posted,2026-07-15T18:04:38.756493,517
5cd618f042d4eb6e,https://al.linkedin.com/jobs/view/lider-liderka-zmiany-at-dealz-poland-4438408240,Lider / Liderka zmiany,,scraped,2026-07-15T18:04:43.437591,
5186add2f509d5d3,https://al.linkedin.com/jobs/view/software-development-engineer-at-poly-tech-talent-4439986695,Software Development Engineer,,scraped,2026-07-15T18:04:55.290158,
eb01987f3b9afe1c,https://al.linkedin.com/jobs/view/mechanical-engineer-at-glassbalkan-4438079236,Mechanical Engineer,GlassBalkan,posted,2026-07-15T18:05:15.488482,519
0f039551bd792988,https://al.linkedin.com/jobs/view/inxhinier-p%C3%ABr-kontrollin-e-cil%C3%ABsis%C3%AB-qc-engineer-at-ixhem-shpk-4437668993,Inxhinier për Kontrollin e Cilësisë (QC Engineer),,scraped,2026-07-15T18:05:24.282006,
5077c692d4d818c1,https://al.linkedin.com/jobs/view/inxhinier-e-p%C3%ABrpunimi-druri-at-agikons-4437253960,Inxhinier/e Përpunimi Druri,AgiKons,posted,2026-07-15T18:05:49.563265,521
3ca6e20d85df5dc8,https://al.linkedin.com/jobs/view/con-2026-27-local-consultant-%E2%80%93-monitoring-evaluation-and-communication-expert-2-positions-at-iom-un-migration-4440315219,"CON 2026/27 - Local Consultant – Monitoring, Evaluation and Communication Expert (2 positions)",IOM - UN Migration,posted,2026-07-15T18:06:06.102082,523
59113b3e06ce00d3,https://al.linkedin.com/jobs/view/client-manager-premier-at-guardian-life-4419213003,"Client Manager, Premier",Guardian Life,posted,2026-07-15T18:06:19.647647,525
c9c224abebe2d034,https://al.linkedin.com/jobs/view/senior-analyst-associate-manager-marketing-strategy-bangkok-based-relocation-provided-at-agoda-4410544538,"Senior Analyst/ Associate Manager, Marketing Strategy (Bangkok based/ Relocation provided)",Agoda,posted,2026-07-15T18:06:38.008968,527
37b9582ea95fbe9d,https://al.linkedin.com/jobs/view/senior-red-team-analyst-at-iga-talent-solutions-4438609061,Senior Red Team Analyst,,scraped,2026-07-15T18:06:40.834992,
666b0cb6e49ec560,https://al.linkedin.com/jobs/view/professor-phd-cyber-security-at-snva-group-4439400064,Professor Phd(Cyber Security),,scraped,2026-07-15T18:06:56.169623,
8d0dd9a1f5e4a0e1,https://al.linkedin.com/jobs/view/drejtor-i-prodhimit-at-atronix-4437277850,Drejtor i Prodhimit,,scraped,2026-07-15T18:07:06.654266,
59eb014ddee25905,https://al.linkedin.com/jobs/view/servicenow-junior-developer-albania-at-deloitte-4438084422,ServiceNow Junior Developer | Albania,Deloitte,posted,2026-07-15T18:07:30.014230,529
d12327addad75150,https://al.linkedin.com/jobs/view/segretaria-cla-at-universiteti-katolik-zoja-e-keshillit-te-mire-4438061941,Segretaria CLA,Universiteti Katolik Zoja e Keshillit te Mire,posted,2026-07-15T18:07:43.905037,531
8889560185654d26,https://al.linkedin.com/jobs/view/mechanical-method-engineer-at-titan-albania-4439937857,Mechanical Method Engineer,,scraped,2026-07-15T18:07:48.599049,
2007bff43b315442,https://al.linkedin.com/jobs/view/njoftim-p%C3%ABr-vende-t%C3%AB-lira-pune-%E2%80%93-fakultetit-t%C3%AB-teknologjis%C3%AB-s%C3%AB-informacionit-dhe-inovacioni-at-luarasi-university-4440849633,NJOFTIM PËR VENDE TË LIRA PUNE – FAKULTETIT TË TEKNOLOGJISË SË INFORMACIONIT DHE INOVACIONI,,scraped,2026-07-15T18:07:57.788269,
c8d180c4c54c3eaf,https://al.linkedin.com/jobs/view/travel-agent-spanish-speaking-at-bizaway-4390009987,Travel Agent - Spanish Speaking,,scraped,2026-07-15T18:08:16.277401,
27c2fef7b24f5118,https://al.linkedin.com/jobs/view/remote-customer-support-representative-german-english-at-talentpop-app-4438027611,Remote Customer Support Representative (German & English),TalentPop App,posted,2026-07-15T18:08:28.000407,391
ab18b6cd02317ae9,https://al.linkedin.com/jobs/view/architect-at-flex-business-solutions-4440994136,Architect,,scraped,2026-07-15T18:08:34.559953,
cef8b3c1d19d8269,https://al.linkedin.com/jobs/view/customer-service-associate-%E2%80%93-german-speaker-at-talentpop-app-4438045038,Customer Service Associate – German Speaker,TalentPop App,posted,2026-07-15T18:08:51.527664,533
1e796b25a00c818b,https://al.linkedin.com/jobs/view/remote-customer-support-representative-german-english-at-talentpop-app-4438025615,Remote Customer Support Representative (German & English),TalentPop App,posted,2026-07-15T18:08:56.945349,391
9e75cad7d056b577,https://al.linkedin.com/jobs/view/specialist-i-marrjes-n%C3%AB-sigurim-marin%C3%AB-at-sigal-insurance-group-4437652610,Specialist i Marrjes në Sigurim Marinë,,scraped,2026-07-15T18:08:59.627806,
e81f64443c615596,https://al.linkedin.com/jobs/view/ubuntu-linux-user-for-ai-data-training-at-sme-careers-4431351260,Ubuntu/Linux User for AI Data Training,SME Careers,posted,2026-07-15T18:09:22.003605,535
801b86e2473c7d80,https://al.linkedin.com/jobs/view/german-customer-support-representative-remote-at-talentpop-app-4437659013,German Customer Support Representative (Remote),TalentPop App,posted,2026-07-15T18:09:27.664126,411
195dc5622f45fd4e,https://al.linkedin.com/jobs/view/specialist-e-magazine-atronix-at-horeca-in-albania-4437664486,Specialist/e Magazine (Atronix),HoReCa in Albania,posted,2026-07-17T17:44:33.150963,429
8b390049377cd32c,https://al.linkedin.com/jobs/view/wizz-air-pilot-academy-albania-at-wizz-air-4401989358,Wizz Air Pilot Academy ALBANIA,,scraped,2026-07-17T17:44:35.804214,
8d238e97c225f969,https://al.linkedin.com/jobs/view/merchandiser-regional-at-asel-albania-4439229733,Merchandiser Regional,ASEL Albania,posted,2026-07-17T17:44:49.559633,537
29728dd0c08d1591,https://al.linkedin.com/jobs/view/project-manager-estimator-at-carroll-plumbing-heating-inc-4439588279,Project Manager & Estimator,"Carroll Plumbing &amp; Heating, Inc.",posted,2026-07-17T17:45:00.583414,539
834edf36596b411d,https://al.linkedin.com/jobs/view/procurement-specialist-at-flex-business-solutions-4440988307,Procurement Specialist,,scraped,2026-07-17T17:45:03.258220,
ef88af60b50c07d8,https://al.linkedin.com/jobs/view/magazinier-kombinat-tiran%C3%AB-at-bnt-electronics-4439240097,"MAGAZINIER (Kombinat, Tiranë)",,scraped,2026-07-17T17:45:11.079801,
01a5c8754a33a1ba,https://al.linkedin.com/jobs/view/photographer-at-photon-4437697289,Photographer,,scraped,2026-07-17T17:45:20.403233,
ffcb20d53b103956,https://al.linkedin.com/jobs/view/maintenance-manager-at-seneca-foods-corporation-4438072246,Maintenance Manager,Seneca Foods Corporation,posted,2026-07-17T17:45:33.112037,541
0390c2fd8be2673a,https://al.linkedin.com/jobs/view/financial-controller-vois-at-vois-4428551342,FINANCIAL CONTROLLER - VOIS,,scraped,2026-07-17T17:45:37.730254,
4f17616ce739c70d,https://al.linkedin.com/jobs/view/marketing-generalist-at-learntastic-4441254370,Marketing Generalist,Learntastic,posted,2026-07-17T17:45:49.769895,543
e5eb5055996dc918,https://al.linkedin.com/jobs/view/%E2%80%98he-asked-for-62-lakh-per-annum%E2%80%99-woman-offers-job-to-prospective-groom-on-jeevansathi-chat-goes-viral-at-the-kashmir-monitor-4440757340,"‘He asked for 62 lakh per annum’: Woman offers job to prospective groom on Jeevansathi, chat goes viral",,scraped,2026-07-17T17:45:52.138814,
de43614d1571e4d4,https://al.linkedin.com/jobs/view/financial-reporting-jn-analyst-vois-at-vois-4417934842,FINANCIAL REPORTING JN. ANALYST - VOIS,,scraped,2026-07-17T17:45:59.297180,
c9331503fad329ea,https://al.linkedin.com/jobs/view/digital-manager-at-le-spot-group-official-4438090376,Digital Manager,,scraped,2026-07-17T17:46:09.919913,
3c5b041ef74efc63,https://al.linkedin.com/jobs/view/business-development-representative-at-limolane-4437260964,Business Development Representative,,scraped,2026-07-17T17:46:16.543357,
19260bc5bcd4deee,https://al.linkedin.com/jobs/view/bi-analyst-at-vodafone-4437687338,BI Analyst,Vodafone,posted,2026-07-17T17:46:33.242917,545
313ab9567b87397e,https://al.linkedin.com/jobs/view/scrub-tech-prn-at-novamed-4440940696,Scrub Tech- PRN,Novamed,posted,2026-07-17T17:46:42.387083,547
e97526b2d6c4ff91,https://al.linkedin.com/jobs/view/human-resources-office-assistant-at-kalaja-talent-consulting-4438472545,Human Resources Office Assistant,,scraped,2026-07-17T17:46:44.997159,
5ddeaed58ce23b87,https://al.linkedin.com/jobs/view/part-time-business-development-manager-at-huwell-consultancy-4439201245,Part-time Business Development Manager,,scraped,2026-07-17T17:46:51.440501,
5095a4c9b316c277,https://al.linkedin.com/jobs/view/contact-centre-agent-at-durr%C3%ABs-yachts-marina-4438091193,Contact Centre Agent,,scraped,2026-07-17T17:46:57.696221,
d0960e246eefcb66,https://al.linkedin.com/jobs/view/office-coordinator-at-intercom-shpk-4438093376,Office Coordinator,,scraped,2026-07-17T17:47:06.020044,
b7bee10cd770f5e3,https://al.linkedin.com/jobs/view/kundenservice-mitarbeiter-im-homeoffice-at-globl-contact-4441989775,Kundenservice Mitarbeiter - im Homeoffice,,scraped,2026-07-17T17:47:17.562144,
6b646516400e6de4,https://al.linkedin.com/jobs/view/peugeot-3008-1-5hdi-automatic-kamera-at-holliday-auto-ku%C4%87a-4440974941,Peugeot 3008 1.5HDI Automatic Kamera,,scraped,2026-07-17T17:47:24.641426,
7bb07fa05132738d,https://al.linkedin.com/jobs/view/human-resources-assistant-at-vas-group-4441980984,Human Resources Assistant,VAS GROUP,posted,2026-07-17T17:47:41.630261,549
ddc996f6ed4ce9fe,https://al.linkedin.com/jobs/view/financial-planning-and-analysis-manager-at-assets-group-4440963249,Financial Planning and Analysis Manager,,scraped,2026-07-17T17:47:44.258571,
e6a6227fa90b3a83,https://al.linkedin.com/jobs/view/remote-senior-c%23-net-developer-at-scopic-4441102572,Remote Senior C#/.NET Developer,Scopic,posted,2026-07-17T17:47:56.656381,551
46f8e3e735b9eeb8,https://al.linkedin.com/jobs/view/b2b-sales-executive-%E2%80%93-remote-est-hours-at-callsexperts-4437231913,B2B Sales Executive – Remote | EST Hours,Callsexperts,posted,2026-07-17T17:48:08.738186,553
bfd7c0b56cfb5b73,https://al.linkedin.com/jobs/view/social-media-marketing-specialist-4437280511,Social Media Marketing Specialist,EM Construction & Development,posted,2026-07-17T17:48:15.910073,555
bbe439c62fb73d5e,https://al.linkedin.com/jobs/view/p%C3%ABrgjegj%C3%ABs-koordinator-i-siguris%C3%AB-dhe-sh%C3%ABndetit-n%C3%AB-pun%C3%AB-hse-%C2%A0-at-progeen-construction-4441956047,Përgjegjës/Koordinator i sigurisë dhe shëndetit në punë (HSE),,scraped,2026-07-17T17:48:18.503449,
9630102aad50ef1d,https://al.linkedin.com/jobs/view/marketing-content-campaign-specialist-at-softcrafter-llc-4438736703,"Marketing, Content & Campaign Specialist",SoftCrafter LLC,posted,2026-07-17T17:48:37.828083,557
26bb64cf8b0e0f3e,https://al.linkedin.com/jobs/view/account-manager-at-cs-outsource-4439471702,Account Manager,CS Outsource,posted,2026-07-17T17:48:42.716441,513
e8ac99284d5a92b1,https://al.linkedin.com/jobs/view/italy-certification-commercial-support-advisor-at-rina-4390942418,Italy Certification Commercial Support Advisor,,scraped,2026-07-17T17:48:47.379470,
6c4203eb3b362a11,https://al.linkedin.com/jobs/view/inxhinier-ndertimi-at-bregu-sh-a-4437670369,Inxhinier Ndertimi,,scraped,2026-07-17T17:48:54.754820,
1dc5616a2a1cc0a6,https://al.linkedin.com/jobs/view/electrician-ii-progression-at-city-of-tulsa-4440866951,ELECTRICIAN II ***PROGRESSION***,City of Tulsa,posted,2026-07-17T17:49:10.771685,559
cdb3af91481fa0c8,https://al.linkedin.com/jobs/view/administrative-assistant-at-grant-thornton-albania-4437255580,Administrative Assistant,,scraped,2026-07-17T17:49:13.355623,
baf8f02fa773da8a,https://al.linkedin.com/jobs/view/digital-marketing-manager-at-dimension-hr-4438480978,Digital Marketing Manager,,scraped,2026-07-17T17:49:22.629772,
5447accf83ca521d,https://al.linkedin.com/jobs/view/jurist-at-rekrutime-agikons-4438480853,Jurist,Rekrutime Agikons,posted,2026-07-17T17:49:44.152238,561
07c4bd9e029d6b1a,https://al.linkedin.com/jobs/view/drejtor-i-shitjeve-dhe-reklamave-at-vizion-plus-4438482590,Drejtor i Shitjeve dhe Reklamave,,scraped,2026-07-17T17:49:46.802913,
a51be173de401aa5,https://al.linkedin.com/jobs/view/customer-service-agent-100%25-remote-a-players-only-at-backbone-customer-service-4438488496,Customer Service Agent | 100% remote | A-players only,,scraped,2026-07-17T17:49:52.899788,
0ba1d979b03360d9,https://al.linkedin.com/jobs/view/mjek-e-stomatolog-at-omnes-agency-4439227569,Mjek/e Stomatolog,,scraped,2026-07-17T17:49:59.506517,
56ae8e083899de15,https://al.linkedin.com/jobs/view/inxhinier-gjeodet-infrastruktur%C3%AB-at-balfin-construction-4440694090,Inxhinier Gjeodet (Infrastrukturë),Balfin Construction,posted,2026-07-17T17:50:17.852325,563
75f8844487fbf8fa,https://al.linkedin.com/jobs/view/financier-e-top-express-durres-at-dm-consulting-services-4439213989,Financier/e (Top Express) Durres,DM Consulting Services,posted,2026-07-17T17:50:35.610831,565
0eb3bd979010eca5,https://al.linkedin.com/jobs/view/german-sales-expert-at-acca19-4439242802,German Sales Expert,,scraped,2026-07-17T17:50:37.980366,
4b7f381d6bbcc9a4,https://al.linkedin.com/jobs/view/junior-full-stack-developer-logistics-domain-at-sigma-software-group-4441985633,Junior Full Stack Developer (Logistics Domain),,scraped,2026-07-17T17:50:45.854112,
4af5cc238bb5fad6,https://al.linkedin.com/jobs/view/junior-it-network-engineer-at-enetcom-shpk-4439241616,Junior IT & Network Engineer,,scraped,2026-07-17T17:50:53.573610,
b726e9bf63e3e3c7,https://al.linkedin.com/jobs/view/homeoffice-held-m-w-d-gesucht-%E2%80%93-kundenservice-komplett-remote-at-talentpop-app-4438785836,Homeoffice-Held (m/w/d) gesucht – Kundenservice komplett remote,TalentPop App,posted,2026-07-17T17:51:11.705376,567
70e8929807c3f408,https://al.linkedin.com/jobs/view/orthodontic-technician-at-iclear-group-ltd-4440966633,Orthodontic Technician,,scraped,2026-07-17T17:51:14.409845,
f716a42c4d9a4e24,https://al.linkedin.com/jobs/view/partner-sales-advisor-focus-on-partner-acquisition-at-iute-albania-4438472716,PARTNER SALES ADVISOR (Focus on Partner Acquisition),iute Albania,posted,2026-07-17T17:51:31.944695,569
93928e752448d523,https://al.linkedin.com/jobs/view/tax-accountant-at-lmc-tirana-4442130001,Tax Accountant,,scraped,2026-07-17T17:51:36.528811,
8bb603346a9c22c9,https://al.linkedin.com/jobs/view/strategic-sourcing-specialist-at-quincy-compressor-4423955049,Strategic Sourcing Specialist,Quincy Compressor,posted,2026-07-17T17:51:48.293811,571
908dfa2bbeec9281,https://al.linkedin.com/jobs/view/real-estate-agent-at-century21-metropol-4437608333,Real Estate Agent,,scraped,2026-07-17T17:51:50.944760,
b1a9666744529020,https://al.linkedin.com/jobs/view/remote-senior-angular-developer-at-scopic-4441115151,Remote Senior Angular Developer,Scopic,posted,2026-07-17T17:52:03.719890,573
870a713642fe3394,https://al.linkedin.com/jobs/view/accountant-4437639734,Accountant,ARNOLD WOOD INDUSTRY,posted,2026-07-17T17:52:08.083670,174
d376812c74fa2539,https://al.linkedin.com/jobs/view/infermier-at-diaverum-4252814674,Infermier,Diaverum,posted,2026-07-17T17:52:17.187995,393
e76e570d49f43e86,https://al.linkedin.com/jobs/view/internship-in-it-service-management-at-deloitte-4439247712,Internship in IT Service Management,Deloitte,posted,2026-07-17T17:52:26.783904,575
88807bcb73869163,https://al.linkedin.com/jobs/view/it-application-specialist-at-deloitte-4408435403,IT Application Specialist,Deloitte,posted,2026-07-17T17:52:35.579599,577
48a6ad1004077ca7,https://al.linkedin.com/jobs/view/venditore-at-samisud-s-r-l-3243937896,Venditore,,scraped,2026-07-17T17:52:38.232812,
6507e8ba558e4b4f,https://al.linkedin.com/jobs/view/social-media-marketing-specialist-at-mania-advertising-maniacard-4438731055,Social Media Marketing Specialist,,scraped,2026-07-17T17:52:49.147179,
d5291f5d4419f620,https://al.linkedin.com/jobs/view/email-marketing-designer-%E2%86%92-cro-designer-at-fuelerate-4438726532,Email Marketing Designer → CRO Designer,Fuelerate,posted,2026-07-17T17:53:03.050405,579
cae1c64e18fd2a60,https://al.linkedin.com/jobs/view/advisory-associate-mergers-acquisitions-at-deloitte-4391710088,Advisory Associate (Mergers & Acquisitions),Deloitte,posted,2026-07-17T17:53:14.178109,581
58d66220e372f070,https://al.linkedin.com/jobs/view/senior-national-expert-on-administrative-investigations-and-anti-corruption-reporting-at-osce-4439248256,Senior National Expert on Administrative Investigations and Anti-Corruption Reporting,,scraped,2026-07-17T17:53:16.787656,
e3b7efb2151e3afc,https://al.linkedin.com/jobs/view/inxhinier-elektrik-menaxhim-projekti-automation-at-smart-home-albania-4441945911,Inxhinier Elektrik (Menaxhim Projekti - Automation),,scraped,2026-07-17T17:53:25.272019,
e09b09cc9474ae4d,https://al.linkedin.com/jobs/view/german-english-customer-support-specialist-%E2%80%93-chat-email-phone-100%25-remote-at-talentpop-app-4438447108,"German-English Customer Support Specialist – Chat, Email & Phone (100% Remote)",TalentPop App,posted,2026-07-17T17:53:34.177976,79
acb5bf4d88129b3e,https://al.linkedin.com/jobs/view/product-owner-at-sicpa-4440950202,Product Owner,,scraped,2026-07-17T17:53:36.848593,
25036d9faba0d115,https://al.linkedin.com/jobs/view/perfaqesues-mjekesor-at-interpharma-4439203856,Perfaqesues Mjekesor,INTERPHARMA,posted,2026-07-17T17:53:49.939276,583
f030860565cd9a75,https://al.linkedin.com/jobs/view/remote-customer-support-representative-german-english-at-talentpop-app-4438024649,Remote Customer Support Representative (German & English),TalentPop App,posted,2026-07-17T17:53:54.527338,391
875e52b45312f77d,https://al.linkedin.com/jobs/view/german-sales-representative-remote-at-talentpop-app-4438706673,German Sales Representative (Remote),TalentPop App,posted,2026-07-17T17:54:03.850066,585
0ac69d3732999e19,https://al.linkedin.com/jobs/view/table-game-director-at-groupe-barri%C3%A8re-4441989606,Table Game Director,,scraped,2026-07-17T17:54:06.568715,
7271e60f63dd93ee,https://al.linkedin.com/jobs/view/german-sales-representative-remote-at-talentpop-app-4438432888,German Sales Representative (Remote),TalentPop App,posted,2026-07-17T17:54:18.746686,585
3c2e2d677b400337,https://al.linkedin.com/jobs/view/german-customer-support-representative-remote-at-talentpop-app-4437646707,German Customer Support Representative (Remote),TalentPop App,posted,2026-07-17T17:54:23.540710,411
6b69bf70c6421031,https://al.linkedin.com/jobs/view/qrm-junior-specialist-at-deloitte-4439245714,QRM Junior Specialist,Deloitte,posted,2026-07-17T17:54:32.929386,587
c6d30e9e29e87929,https://al.linkedin.com/jobs/view/menaxher-i-marr%C3%ABdh%C3%ABnieve-me-klientin-crm-dega-berat-at-otp-bank-albania-4438099064,"Menaxher i Marrëdhënieve me Klientin (CRM), Dega Berat",,scraped,2026-07-17T17:54:35.483368,
89b8ce1db7ee7e85,https://al.linkedin.com/jobs/view/sh%C3%ABrbim-ndaj-klientit-gjermanisht-anglisht-%E2%80%93-100%25-pun%C3%AB-nga-sht%C3%ABpia-at-talentpop-app-4438035339,Shërbim ndaj Klientit (Gjermanisht/Anglisht) – 100% Punë nga Shtëpia,TalentPop App,posted,2026-07-17T17:54:51.375412,589
6ea9f049b799b35c,https://al.linkedin.com/jobs/view/advisory-associate-transaction-services-italian-department-at-acca-careers-4441964817,Advisory Associate (Transaction Services) - Italian Department,,scraped,2026-07-17T17:54:54.041275,
d5d11c3256f8c2b5,https://al.linkedin.com/jobs/view/sr-staff-base-software-engineer-%E2%80%93-os-middleware-at-safeguard-global-italy-4439234399,Sr. Staff Base Software Engineer – OS & Middleware,,scraped,2026-07-17T17:55:02.723776,
a4e498a0ecea7506,https://al.linkedin.com/jobs/view/customer-service-associate-%E2%80%93-german-speaker-at-talentpop-app-4438436825,Customer Service Associate – German Speaker,TalentPop App,posted,2026-07-17T17:55:11.827916,533
41c566d034ee4e80,https://al.linkedin.com/jobs/view/customer-service-associate-%E2%80%93-german-speaker-at-talentpop-app-4438449091,Customer Service Associate – German Speaker,TalentPop App,posted,2026-07-17T17:55:18.881517,533
d6012a0883c16f62,https://al.linkedin.com/jobs/view/senior-appian-developer-at-atlas-tech-4441271453,Senior Appian Developer,Atlas Tech,posted,2026-07-17T17:55:30.556232,591
3eb9bb1b6cf7d1a5,https://al.linkedin.com/jobs/view/specialist-i-mb%C3%ABshtetjes-s%C3%AB-klient%C3%ABve-n%C3%AB-gjuh%C3%ABn-gjermane-dhe-angleze-pun%C3%AB-nga-sht%C3%ABpia-at-talentpop-app-4438438737,Specialist i Mbështetjes së Klientëve në Gjuhën Gjermane dhe Angleze (Punë nga Shtëpia),TalentPop App,posted,2026-07-17T17:55:44.946997,593
c79546c44e68586e,https://al.linkedin.com/jobs/view/ai-security-expert-at-sicpa-4440933996,AI Security Expert,,scraped,2026-07-17T17:55:47.556814,
e6993ef7e38b4fe9,https://al.linkedin.com/jobs/view/specialist-i-mb%C3%ABshtetjes-s%C3%AB-klient%C3%ABve-n%C3%AB-gjuh%C3%ABn-gjermane-dhe-angleze-pun%C3%AB-nga-sht%C3%ABpia-at-talentpop-app-4438447140,Specialist i Mbështetjes së Klientëve në Gjuhën Gjermane dhe Angleze (Punë nga Shtëpia),TalentPop App,posted,2026-07-17T17:56:01.434254,595
3fa8ec5d39f449fa,https://al.linkedin.com/jobs/view/accounting-employee-i-f-m-d-at-volkswagen-group-4439868878,Accounting employee I (f/m/d),,scraped,2026-07-19T16:40:58.136627,
4ac058c885e2a5d0,https://al.linkedin.com/jobs/view/brand-manager-f-m-d-at-volkswagen-group-4439868880,Brand Manager (f/m/d),,scraped,2026-07-19T16:41:05.993467,
9fd56f47c4a65204,https://al.linkedin.com/jobs/view/bro-jobs-check-posts-qualification-salary-and-more-at-the-kashmir-monitor-4441317013,"BRO jobs: Check posts, qualification, salary, and more",,scraped,2026-07-19T16:41:12.744525,
fa98584c79d8f3d6,https://al.linkedin.com/jobs/view/senior-project-manager-remote-contract-at-infuse-4441646115,"Senior Project Manager (Remote, Contract)",INFUSE,posted,2026-07-19T16:41:28.837254,597
e9a704134acb7c21,https://al.linkedin.com/jobs/view/bel-recruitment-posts-qualification-salary-and-more-at-the-kashmir-monitor-4441305502,"BEL recruitment: Posts, qualification, salary, and more",,scraped,2026-07-19T16:41:37.214372,
5eeddcfda6eedacd,https://al.linkedin.com/jobs/view/procurement-manager-at-alca-4439262102,Procurement Manager,ALCA,posted,2026-07-19T16:42:08.968553,599
014fca36727da1a2,https://al.linkedin.com/jobs/view/juriste-droit-des-affaires-h-f-at-l-usine-nouvelle-4439678180,Juriste Droit des Affaires H/F,L'Usine Nouvelle,posted,2026-07-19T16:42:23.142046,89
28efa6662bf9b17f,https://al.linkedin.com/jobs/view/financial-reporting-analyst-vois-at-vois-4438401173,Financial Reporting Analyst - VOIS,,scraped,2026-07-19T16:42:25.779923,
ed1ee67f5ad4aa62,https://al.linkedin.com/jobs/view/housing-specialist-at-cs-outsource-4440757738,Housing Specialist,CS Outsource,posted,2026-07-19T16:42:38.936931,601
0d9f0cfb1ab417ea,https://al.linkedin.com/jobs/view/gestionnaire-de-paie-h-f-at-l-usine-nouvelle-4439672413,Gestionnaire de paie (H/F),L'Usine Nouvelle,posted,2026-07-19T16:42:46.944095,37
97be3b13de0a89f7,https://al.linkedin.com/jobs/view/photographer-at-photon-4438084081,Photographer,,scraped,2026-07-19T16:42:49.508094,
d60c1367e99b906a,https://al.linkedin.com/jobs/view/financier-e-senior-at-salillari-ltd-4441989628,FINANCIER/E SENIOR,,scraped,2026-07-19T16:42:59.154403,
38d4511660b6a32d,https://al.linkedin.com/jobs/view/web-bi-analyst-vbet-at-vbet-4438004915,Web BI Analyst / VBET,,scraped,2026-07-19T16:43:06.769374,
abd148e2926d96e7,https://al.linkedin.com/jobs/view/support-payroll-data-entry-in-english-part-time-20h-week-shift-am-at-auto1-group-4440242111,Support Payroll_Data Entry in English_ Part Time 20h/week (shift AM),,scraped,2026-07-19T16:43:13.580302,
280ff527f9c7dd84,https://al.linkedin.com/jobs/view/bartender-at-accor-4441380915,Bartender,Accor,posted,2026-07-19T16:43:31.140999,603
3a0e1becb8544676,https://al.linkedin.com/jobs/view/homeoffice-held-m-w-d-gesucht-%E2%80%93-kundenservice-komplett-remote-at-talentpop-app-4438791345,Homeoffice-Held (m/w/d) gesucht – Kundenservice komplett remote,TalentPop App,posted,2026-07-19T16:43:36.323047,567
b17012fb99f0d2e6,https://al.linkedin.com/jobs/view/audit-staff-senior-at-lmc-tirana-4442109804,Audit Staff/Senior,,scraped,2026-07-19T16:43:40.893337,
9d129a42e1119211,https://al.linkedin.com/jobs/view/homeoffice-held-m-w-d-gesucht-%E2%80%93-kundenservice-komplett-remote-at-talentpop-app-4439629007,Homeoffice-Held (m/w/d) gesucht – Kundenservice komplett remote,TalentPop App,posted,2026-07-19T16:43:49.924283,567
d55347a685d24a6e,https://al.linkedin.com/jobs/view/key-account-manager-fix-term-contract-at-novartis-4439272288,Key Account Manager (Fix term contract),,scraped,2026-07-19T16:43:54.489268,
da449e3b4b38e961,https://al.linkedin.com/jobs/view/ai-and-digital-justice-expert-at-un-volunteers-europe-and-central-asia-4439868145,AI and Digital Justice Expert,,scraped,2026-07-19T16:44:09.210016,
89cf2bb89b96199d,https://al.linkedin.com/jobs/view/kundenservice-deutsch-englisch-%E2%80%93-100%25-remote-homeoffice-at-talentpop-app-4438712483,Kundenservice (Deutsch/Englisch) – 100% Remote / Homeoffice,TalentPop App,posted,2026-07-19T16:44:21.744576,317
58dcc93da4375dac,https://al.linkedin.com/jobs/view/program-and-project-manager-at-sicpa-4440937656,Program and Project Manager,,scraped,2026-07-19T16:44:26.396851,
b85dbe6a06991b83,https://al.linkedin.com/jobs/view/staff-qa-automation-engineer-at-poly-tech-talent-4440206260,Staff QA Automation Engineer,,scraped,2026-07-19T16:44:35.426550,
57439ffea5516346,https://al.linkedin.com/jobs/view/customer-service-associate-%E2%80%93-german-speaker-at-talentpop-app-4438438718,Customer Service Associate – German Speaker,TalentPop App,posted,2026-07-19T16:44:44.039660,533
a5dcb652b1f78783,https://al.linkedin.com/jobs/view/german-english-customer-support-specialist-kundenservice-kundenbetreuung-%E2%80%93-100%25-pun%C3%AB-nga-sht%C3%ABpia-at-talentpop-app-4439619396,German-English Customer Support Specialist (Kundenservice / Kundenbetreuung) – 100% Punë nga Shtëpia,TalentPop App,posted,2026-07-19T16:44:53.863312,605
7ccfad1d6ee387d1,https://al.linkedin.com/jobs/view/german-english-customer-support-specialist-kundenservice-kundenbetreuung-%E2%80%93-100%25-pun%C3%AB-nga-sht%C3%ABpia-at-talentpop-app-4439622341,German-English Customer Support Specialist (Kundenservice / Kundenbetreuung) – 100% Punë nga Shtëpia,TalentPop App,scraped,2026-07-19T16:44:58.045271,
903f0152eb4e9083,https://al.linkedin.com/jobs/view/customer-service-associate-%E2%80%93-german-speaker-at-talentpop-app-4438029480,Customer Service Associate – German Speaker,TalentPop App,scraped,2026-07-19T16:45:02.271318,
6f7e882a99cea83f,https://al.linkedin.com/jobs/view/deutsch-%2B-english%3F-we-re-hiring%21-remote-customer-support-specialists-at-talentpop-app-4439612543,Deutsch + English? We're Hiring! Remote Customer Support Specialists,TalentPop App,posted,2026-07-19T16:45:11.735535,607
69a2fd1f122e0e28,https://al.linkedin.com/jobs/view/german-english-customer-support-specialist-kundenservice-kundenbetreuung-%E2%80%93-100%25-pun%C3%AB-nga-sht%C3%ABpia-at-talentpop-app-4437657059,German-English Customer Support Specialist (Kundenservice / Kundenbetreuung) – 100% Punë nga Shtëpia,TalentPop App,posted,2026-07-19T16:45:20.523368,609
33ea5d88385dd989,https://al.linkedin.com/jobs/view/german-english-customer-support-specialist-kundenservice-kundenbetreuung-%E2%80%93-100%25-pun%C3%AB-nga-sht%C3%ABpia-at-talentpop-app-4437643748,German-English Customer Support Specialist (Kundenservice / Kundenbetreuung) – 100% Punë nga Shtëpia,TalentPop App,posted,2026-07-19T16:45:29.364543,611
13806f6414df8aab,https://al.linkedin.com/jobs/view/german-english-speaking-customer-service-support-at-talentpop-app-4438024642,German-English Speaking Customer Service Support,TalentPop App,posted,2026-07-19T16:45:35.916972,325
6dd9d74083107369,https://al.linkedin.com/jobs/view/data-platform-engineer-at-block-labs-4422830787,Data Platform Engineer,,scraped,2026-07-19T16:45:38.702410,
4574690a49a572d4,https://al.linkedin.com/jobs/view/senior-product-manager-remote-contract-at-infuse-4441604904,"Senior Product Manager (Remote, Contract)",INFUSE,posted,2026-07-21T18:50:06.076304,613
a002aa24fe1e019b,https://al.linkedin.com/jobs/view/senior-field-operations-technician-tirana-at-printec-group-4443389604,Senior Field Operations Technician (Tirana),Printec Group,posted,2026-07-21T18:50:22.049472,615
b676cd82021b8eb3,https://al.linkedin.com/jobs/view/human-resources-office-assistant-at-revalbania-4440602207,Human Resources/Office Assistant,RevAlbania,posted,2026-07-21T18:50:34.692034,617
c34a0f888a396394,https://al.linkedin.com/jobs/view/head-of-product-design-at-n8n-4443380777,Head of Product Design,,scraped,2026-07-21T18:50:39.329780,
b13d4563f4ba96db,https://al.linkedin.com/jobs/view/bmw-2-convertible-wind-deflector-218i-225i-228i-230i-m235-m240-from-2014-to-2021-at-love-the-drive-4443316789,"BMW 2 convertible wind deflector 218i, 225i, 228i, 230i, M235, M240 from 2014 to 2021",,scraped,2026-07-21T18:50:45.928321,
87c0d3514560b637,https://al.linkedin.com/jobs/view/logistics-assistant-at-heb-s-albania-4442702513,Logistics Assistant,,scraped,2026-07-21T18:50:52.112791,
fdd0cd5c7ead86ec,https://al.linkedin.com/jobs/view/business-development-representative-at-learntastic-4442161348,Business Development Representative,Learntastic,posted,2026-07-21T18:51:03.777859,619
98323dbcbd35a027,https://al.linkedin.com/jobs/view/area-manager-at-heb-s-albania-4442713141,Area Manager,,scraped,2026-07-21T18:51:06.450347,
c52ec02110d6dbe8,https://al.linkedin.com/jobs/view/auditeur-financier-h-f-at-l-usine-nouvelle-4439661682,Auditeur Financier (H/F),L'Usine Nouvelle,posted,2026-07-21T18:51:20.334819,31
c603cebba8570093,https://al.linkedin.com/jobs/view/assistenza-clienti-e-logistica-%E2%80%93-lavoro-da-remoto-albania-at-luxurbe-4443360625,ASSISTENZA CLIENTI E LOGISTICA – LAVORO DA REMOTO (ALBANIA),,scraped,2026-07-21T18:51:24.989069,
f04e96f41856fd5c,https://al.linkedin.com/jobs/view/sales-manager-for-children%E2%80%99s-online-courses-remote-at-kodland-4431214615,Sales Manager for Children’s Online Courses (Remote),,scraped,2026-07-21T18:51:31.181241,
04773d3d6e98b537,https://al.linkedin.com/jobs/view/gtm-engineer-at-huzzle-com-4441446864,GTM Engineer,,scraped,2026-07-21T18:51:38.474859,
53962ebf885dfb4d,https://al.linkedin.com/jobs/view/customer-service-at-heb-s-albania-4442595966,Customer Service,,scraped,2026-07-21T18:51:47.530059,
d095834de1b28ddf,https://al.linkedin.com/jobs/view/volkswagen-beetle-convertible-wind-deflector-2012-to-2020-at-love-the-drive-4443335103,Volkswagen Beetle Convertible Wind Deflector 2012 to 2020,,scraped,2026-07-21T18:51:57.425811,
f6f27132d779fe57,https://al.linkedin.com/jobs/view/business-development-representative-at-native-teams-4442578710,Business Development Representative,,scraped,2026-07-21T18:52:03.417059,
127dd53987e63718,https://al.linkedin.com/jobs/view/economist-at-elplast-al-sh-p-k-4440494214,Economist,Elplast-al sh.p.k,posted,2026-07-21T18:52:22.310799,621
f8847b46c80e7fa9,https://al.linkedin.com/jobs/view/applied-ai-co-founder-cco-100-%25-remote-m-f-d-at-ewor-4441194590,Applied AI Co-Founder / CCO (100 % remote) (m/f/d),,scraped,2026-07-21T18:52:30.962454,
d2c954af6d4d45b0,https://al.linkedin.com/jobs/view/medical-sales-representative-aesthetic-injectable-portfolio-at-lasermed-shpk-4439253771,Medical Sales Representative (Aesthetic & Injectable portfolio),,scraped,2026-07-21T18:52:37.373556,
c9d6596965b283f3,https://al.linkedin.com/jobs/view/koordinator-p%C3%ABr-mentorimin-dhe-mb%C3%ABshtetjen-e-shkollave-at-center-for-competitive-skills-4440170886,Koordinator për Mentorimin dhe Mbështetjen e Shkollave,,scraped,2026-07-21T18:52:46.322580,
42fd8536c55d056c,https://al.linkedin.com/jobs/view/dental-tourism-sales-representative-at-the-clinic-tirana-4442607922,Dental Tourism Sales Representative,The Clinic Tirana,posted,2026-07-21T18:53:06.737251,623
f1f9b6816e65908f,https://al.linkedin.com/jobs/view/inxhinier-mekanik-p%C3%ABrpunimi-druri-at-agikons-4440423963,Inxhinier Mekanik-Përpunimi Druri,AgiKons,posted,2026-07-21T18:53:23.461169,625
194f1f1764b39b1d,https://al.linkedin.com/jobs/view/sap-sd-collaborator-italian-speaking-at-engineering-albania-4440461352,SAP SD Collaborator (Italian Speaking),,scraped,2026-07-21T18:53:28.147891,
4529f29b95743b75,https://al.linkedin.com/jobs/view/ux-ui-designer-at-sicpa-4438720137,UX/UI Designer,,scraped,2026-07-21T18:53:35.483021,
685ab01ba74a80fe,https://al.linkedin.com/jobs/view/presales-specialist-at-lutech-4440440371,Presales Specialist,,scraped,2026-07-21T18:53:42.369863,
cffed417c0ba28b6,https://al.linkedin.com/jobs/view/etl-engineer-remote-work-at-bairesdev-4442221022,ETL Engineer - Remote Work,BairesDev,posted,2026-07-21T18:53:53.500416,41
606f355fccf5bb9a,https://al.linkedin.com/jobs/view/audit-and-assurance-senior-associate-at-pwc-albania-and-kosovo-4441349168,Audit and Assurance Senior Associate,PwC Albania and Kosovo,posted,2026-07-21T18:54:05.559320,627
32696f22055def14,https://al.linkedin.com/jobs/view/asistent-i-shitjes-30-or%C3%AB-teg-mall-at-h-m-4440970036,"Asistent i shitjes 30 orë , TEG MALL",H&M,posted,2026-07-21T18:54:19.147938,629
2a3da5233277275d,https://al.linkedin.com/jobs/view/en-chef-de-partie-at-accor-4441771055,EN - Chef de Partie,Accor,posted,2026-07-21T18:54:31.698880,631
e1662cf779331a11,https://al.linkedin.com/jobs/view/freelance-transcriptionist-albanian-at-perle-4442996060,Freelance Transcriptionist - Albanian,Perle,failed|wp_post_failed,2026-07-23T18:22:13.243311,
0b409d38b09536ab,https://al.linkedin.com/jobs/view/administrative-clerk-at-bulls-media-worldgroup-4443140136,Administrative Clerk,,scraped,2026-07-23T18:22:15.877865,
d63668090b4df6e6,https://al.linkedin.com/jobs/view/social-media-and-marketing-manager-at-accor-4442268169,Social Media and Marketing Manager,Accor,failed|wp_post_failed,2026-07-23T18:22:32.426486,
a35f6d5d0cdae311,https://al.linkedin.com/jobs/view/recruitment-specialist-at-bulls-media-worldgroup-4443124699,Recruitment Specialist,,scraped,2026-07-23T18:22:35.037830,
7787fc50afc860a8,https://al.linkedin.com/jobs/view/archive-specialist-at-balfin-group-4443127137,Archive Specialist,BALFIN Group,failed|wp_post_failed,2026-07-23T18:23:26.743714,
e23ebf7cd8e2b435,https://al.linkedin.com/jobs/view/finance-operations-assistant-at-bulls-media-worldgroup-4443124923,Finance Operations Assistant,,scraped,2026-07-23T18:23:29.398460,
600b7c2174b3558b,https://al.linkedin.com/jobs/view/waiter-waitress-at-accor-4442013005,Waiter/Waitress,Accor,failed|wp_post_failed,2026-07-23T18:23:45.460626,
afe97282097a8077,https://al.linkedin.com/jobs/view/fluent-english-business-development-specialist-albania-at-supportyourapp-4444439489,(fluent English) Business Development Specialist (Albania),SupportYourApp,failed|wp_post_failed,2026-07-23T18:23:58.285490,
094ad67016f3b15a,https://al.linkedin.com/jobs/view/treasury-manager-at-balfin-group-4443112561,Treasury Manager,BALFIN Group,failed|wp_post_failed,2026-07-23T18:24:44.559627,
75ab9606b15396b1,https://al.linkedin.com/jobs/view/sales-specialist-%E2%80%93-online-programming-courses-remote-at-kodland-4431227009,Sales Specialist – Online Programming Courses (Remote),,scraped,2026-07-23T18:24:47.519026,
1b2bd7e94805b0af,https://al.linkedin.com/jobs/view/nabard-looks-for-a-medical-officer-check-eligibility-and-how-to-apply-at-the-kashmir-monitor-4441302590,NABARD looks for a medical officer: Check eligibility and how to apply,,scraped,2026-07-23T18:24:55.553548,
7daf0ec38e61ab48,https://al.linkedin.com/jobs/view/bel-recruitment-posts-qualification-salary-and-more-at-the-kashmir-monitor-4443897154,"BEL recruitment: Posts, qualification, salary, and more",,scraped,2026-07-23T18:25:05.088138,
4109388be95b86e3,https://al.linkedin.com/jobs/view/operations-coordinator-at-third-pillar-recruiting-4441048360,Operations Coordinator,,scraped,2026-07-23T18:25:18.514189,
f1c0cd9b214b8585,https://al.linkedin.com/jobs/view/fluent-english-full-stack-developer-python-java-react-global-at-supportyourapp-4443345306,"(fluent English) Full-Stack Developer (Python/Java/React, global)",SupportYourApp,failed|wp_post_failed,2026-07-23T18:25:30.221017,
caa82b2fdd4b0a19,https://al.linkedin.com/jobs/view/senior-product-manager-enterprise-at-n8n-4442160624,Senior Product Manager (Enterprise),,scraped,2026-07-23T18:25:33.001499,
fe9ed723afae6ef3,https://al.linkedin.com/jobs/view/it-systems-automation-engineer-at-n8n-4443548806,IT Systems & Automation Engineer,,scraped,2026-07-23T18:25:41.489023,
e8d651484fd95893,https://al.linkedin.com/jobs/view/orthoptiste-h-f-at-groupe-hospitalier-artois-ternois-4440195945,Orthoptiste H/F,,scraped,2026-07-23T18:25:47.929981,
ba8e6d0f9954eb0e,https://al.linkedin.com/jobs/view/publisher-account-manager-at-encore-affiliates-4356620159,Publisher Account Manager,,scraped,2026-07-23T18:25:59.750431,
28c7deb0fc052f05,https://al.linkedin.com/jobs/view/assistant-research-fellow-at-physics-world-4443819676,Assistant Research Fellow,,scraped,2026-07-23T18:26:09.700935,
7d95569fed86ba22,https://al.linkedin.com/jobs/view/factor-x-the-work-at-k%C3%BCnstlerhaus-stuttgart-4443504921,Factor X / The Work,Künstlerhaus Stuttgart,failed|wp_post_failed,2026-07-23T18:26:23.557366,
c8b2b23c389afd44,https://al.linkedin.com/jobs/view/global-delivery-partnerships-lead-at-penta-global-limited-4442723888,Global Delivery & Partnerships Lead,Penta Global Limited,failed|wp_post_failed,2026-07-23T18:27:04.856740,
908eae58bba50f65,https://al.linkedin.com/jobs/view/assistant-comptable-h-f-at-l-usine-nouvelle-4439657928,Assistant Comptable (H/F),L'Usine Nouvelle,failed|wp_post_failed,2026-07-23T18:27:17.298057,
4d2418277740a13c,https://al.linkedin.com/jobs/view/toggle-website-search-at-collectif-handicap-54-4441329101,Toggle website search,,scraped,2026-07-23T18:27:20.048919,
9180ca86307e7695,https://al.linkedin.com/jobs/view/finance-specialist-at-netsapiens-int-4441035887,Finance Specialist,,scraped,2026-07-23T18:27:28.059813,
bae2c0a50f48d0cb,https://al.linkedin.com/jobs/view/customer-service-at-dhl-express-4443912993,Customer Service,DHL Express,failed|wp_post_failed,2026-07-23T18:27:42.470861,
303628d8e44809ac,https://al.linkedin.com/jobs/view/buzz-cabin-crew-online-recruitment-day-tirana-%E2%80%93-8th-september-2026-at-ryanair-europe-s-favourite-airline-4443171033,BUZZ Cabin Crew Online Recruitment Day Tirana – 8th September 2026,,scraped,2026-07-23T18:27:45.296714,
87279d9034cd1b71,https://al.linkedin.com/jobs/view/freelance-corporate-english-teacher-at-capslock-4442756085,Freelance Corporate English Teacher,,scraped,2026-07-23T18:27:51.981360,
97e77a43940f46c8,https://al.linkedin.com/jobs/view/junior-business-development-manager-at-auto1-group-4443832329,Junior Business Development Manager,,scraped,2026-07-23T18:27:58.344945,
af9752e8541d389e,https://al.linkedin.com/jobs/view/senior-react-developer-at-edns-solutions-pvt-ltd-4442088736,Senior React Developer,,scraped,2026-07-23T18:28:07.427773,
dcd56ad58dbc7e33,https://al.linkedin.com/jobs/view/data-entry-sap-interships-at-sd-worx-4441523642,Data Entry (SAP) Interships,,scraped,2026-07-23T18:28:14.053364,
db66c020f8777f3d,https://al.linkedin.com/jobs/view/junior-office-manager-at-auto1-group-4433804202,Junior Office Manager,,scraped,2026-07-23T18:28:21.169193,
05738caa5788ef17,https://al.linkedin.com/jobs/view/junior-graphic-designer-at-creative-point-4441500450,Junior Graphic Designer,Creative Point,failed|wp_post_failed,2026-07-23T18:28:39.632342,
2db41375cb93f05b,https://www.linkedin.com/jobs/view/2020/,"2,000+Hardware Verification Engineer Jobs in United States",,failed|wp_post_failed,2026-07-23T18:28:44.080292,
03f87e34aaef78c2,https://al.linkedin.com/jobs/view/user-acquisition-manager-meta-snapchat-ads-at-ruby-labs-4443550726,User Acquisition Manager (Meta & Snapchat ads),Ruby Labs,failed|wp_post_failed,2026-07-23T18:28:51.968109,
a7c97bce4c40984c,https://al.linkedin.com/jobs/view/seo-specialist-at-ruby-labs-4443981717,SEO Specialist,Ruby Labs,failed|wp_post_failed,2026-07-23T18:28:59.931697,
e48db90731b961ab,https://al.linkedin.com/jobs/view/reporting-and-controlling-senior-specialist-at-spar-albania-4440146438,Reporting and Controlling Senior Specialist,,scraped,2026-07-23T18:29:02.621328,
e660671f4ae794a1,https://al.linkedin.com/jobs/view/constitution-at-k%C3%BCnstlerhaus-stuttgart-4443510735,CONSTITUTION,Künstlerhaus Stuttgart,failed|wp_post_failed,2026-07-23T18:29:21.637597,
08f77d1367232385,https://al.linkedin.com/jobs/view/lpn-rma-cma-office-nurse-i-at-holston-medical-group-4443965728,LPN/RMA/CMA Office Nurse I,Holston Medical Group,failed|wp_post_failed,2026-07-23T18:29:34.426582,
fd92f2718dc0ee7b,https://al.linkedin.com/jobs/view/finance-specialist-at-winpharma-4441524835,Finance Specialist,,scraped,2026-07-23T18:29:39.183662,
f00415ad399bfd3c,https://al.linkedin.com/jobs/view/baseball-s-statistical-revolution-has-gone-too-far-at-capital-frontiers-4444412702,Baseball's Statistical Revolution Has Gone Too Far,Capital Frontiers,failed|wp_post_failed,2026-07-23T18:29:56.420742,
16ef98502718d4a2,https://al.linkedin.com/jobs/view/paralegal-at-hfis-plc-4443589066,Paralegal,HFIS PLC,failed|wp_post_failed,2026-07-23T18:30:05.068630,
e5b73df6a6031e16,https://al.linkedin.com/jobs/view/supply-chain-specialist-at-billa-albania-4434827979,Supply Chain Specialist,,scraped,2026-07-23T18:30:07.733040,
91cb95e1e4f9a28d,https://al.linkedin.com/jobs/view/education-program-assistant-1-headwaters-outdoor-staff-short-term-internal-employment-opportunity-at-oregon-state-university-4443555472,Education Program Assistant 1: Headwaters Outdoor Staff (Short-Term) (Internal Employment Opportunity),Oregon State University,failed|wp_post_failed,2026-07-23T18:30:32.543858,
d2c6c45e70618406,https://al.linkedin.com/jobs/view/business-development-representative-at-techsalerator-4440484172,Business Development Representative,Techsalerator,failed|wp_post_failed,2026-07-23T18:30:42.881662,
3cb489cdb1f3d56a,https://al.linkedin.com/jobs/view/team-leader-gjuha-gjermane-at-omnes-agency-4443769343,Team Leader - Gjuha gjermane,OMNES agency,failed|wp_post_failed,2026-07-23T18:31:29.244281,
d804bb181adf39f0,https://al.linkedin.com/jobs/view/promotoria-de-justi%C3%A7a-%E2%80%93-munic%C3%ADpio-anadia-%E2%80%93-ano-2022-at-escola-superior-do-minist%C3%A9rio-p%C3%BAblico-do-estado-de-alagoas-4444278761,Promotoria de Justiça – Município: Anadia – Ano 2022,Escola Superior do Ministério Público do Estado de Alagoas,failed|wp_post_failed,2026-07-23T18:31:38.081147,
c2b47419a052749b,https://al.linkedin.com/jobs/view/international-media-regulatory-consultant-at-osce-4440465790,International Media Regulatory Consultant,,scraped,2026-07-23T18:31:40.766759,
16866b71ec4c3556,https://al.linkedin.com/jobs/view/psychologue-unit%C3%A9-transversale-de-nutrition-h-f-at-groupe-hospitalier-artois-ternois-4440445989,Psychologue - Unité Transversale de Nutrition H/F,,scraped,2026-07-23T18:31:51.339888,
d1583b916dae5b31,https://al.linkedin.com/jobs/view/chairman-of-the-parlamentary-committee-on-health-labour-and-social-affairs-4440442548,"Chairman of the Parlamentary Committee on Health, Labour and Social Affairs",Member  of Albanian Parlament,failed|wp_post_failed,2026-07-23T18:32:05.044916,
0cacdadca00e8561,https://al.linkedin.com/jobs/view/commercial-finance-sn-analyst-at-vodafone-4441042502,Commercial Finance Sn. Analyst,,scraped,2026-07-23T18:32:07.678866,
2ae0ed0e37201b83,https://al.linkedin.com/jobs/view/sales-associate-in-teilzeit-m-w-x-k%C3%B6ln-30-stunden-at-lumas-4442740045,Sales Associate in Teilzeit (m/w/x) Köln (30 Stunden),,scraped,2026-07-23T18:32:18.885109,
7f7e0305bb41e69f,https://al.linkedin.com/jobs/view/pmk-cas-28578-16-7-integrated-wi-at-adpost4u-classifieds-4444422030,PMK CAS 28578-16-7 integrated wi...,,scraped,2026-07-23T18:32:26.720290,
1bf638b92af8e900,https://al.linkedin.com/jobs/view/sales-attendant-4442528975,Sales Attendant,lu-lu shpk2,failed|wp_post_failed,2026-07-23T18:32:37.679462,
4a5d8be01071f032,https://al.linkedin.com/jobs/view/senior-ai-engineer-at-ruby-labs-4442544644,Senior AI Engineer,Ruby Labs,failed|wp_post_failed,2026-07-23T18:32:45.549245,
f5e0260f4e0271ee,https://al.linkedin.com/jobs/view/fas-interships-at-sd-worx-4441531387,FAS Interships,,scraped,2026-07-23T18:32:48.295598,
42d32f37a8c995e4,https://al.linkedin.com/jobs/view/java-developer-at-armundia-factory-4441509296,Java Developer,,scraped,2026-07-23T18:32:55.201542,
22ca83a6ec4561cf,https://al.linkedin.com/jobs/view/coordinator-bilingual-english-russian-at-talentbridge-albania-4444706274,Coordinator (Bilingual English/Russian),,scraped,2026-07-23T18:33:05.986435,
ee933f6aa3a28ac6,https://al.linkedin.com/jobs/view/german-customer-support-representative-remote-at-talentpop-app-4443810274,German Customer Support Representative (Remote),TalentPop App,failed|wp_post_failed,2026-07-23T18:33:24.669313,
a02d12f6ce48a01f,https://al.linkedin.com/jobs/view/senior-bi-consultant-albania-at-deloitte-4441533987,Senior BI Consultant | Albania,Deloitte,failed|wp_post_failed,2026-07-23T18:33:33.457430,
988c6f9eec606c18,https://al.linkedin.com/jobs/view/customer-service-associate-%E2%80%93-german-speaker-at-talentpop-app-4442980880,Customer Service Associate – German Speaker,TalentPop App,failed|wp_post_failed,2026-07-23T18:33:41.342386,
cea32791dd5f2ed0,https://al.linkedin.com/jobs/view/congress-senior-expert-at-domp%C3%A9-4413296358,Congress Senior Expert,,scraped,2026-07-23T18:33:44.051281,
2bfc422bbd721c4b,https://al.linkedin.com/jobs/view/avokat-4443772758,Avokat,Avokate,failed|wp_post_failed,2026-07-23T18:33:59.826511,
618147270da141d7,https://al.linkedin.com/jobs/view/customer-service-associate-%E2%80%93-german-speaker-at-talentpop-app-4442998190,Customer Service Associate – German Speaker,TalentPop App,failed|wp_post_failed,2026-07-23T18:34:09.818124,
ce760378cd3c5890,https://al.linkedin.com/jobs/view/data-scientist-ai-platform-buildout-at-bip-4443110138,Data Scientist | AI Platform Buildout,BIP,failed|wp_post_failed,2026-07-23T18:34:30.241044,
ee150938e9e6e621,https://al.linkedin.com/jobs/view/senior-appian-developer-at-atlas-tech-4441036904,Senior Appian Developer,Atlas Tech,failed|wp_post_failed,2026-07-23T18:34:42.286812,
719343fe20a6d5b5,https://al.linkedin.com/jobs/view/audit-support-analyst-italian-project-at-deloitte-4403761882,Audit Support Analyst (Italian Project),Deloitte,failed|wp_post_failed,2026-07-23T18:34:51.101586,
3d73dee59a65565f,https://al.linkedin.com/jobs/view/armed-forces-at-east-berwickshire-and-dunbar-area-community-first-responders-4443891463,Armed Forces,,scraped,2026-07-25T16:40:00.924363,
fa7cb04117536563,https://al.linkedin.com/jobs/view/procurement-specialist-at-vega-solar-4442303861,Procurement Specialist,,scraped,2026-07-25T16:40:13.454171,
c97ff889ca55220a,https://al.linkedin.com/jobs/view/kaptain-b737-%E2%80%93-buzz-at-ryanair-europe-s-favourite-airline-4444357856,Kaptain B737 – Buzz,,scraped,2026-07-25T16:40:20.460345,
0b400750c75274e7,https://al.linkedin.com/jobs/view/growth-fundraising-coordinator-at-dimension-hr-4441582846,Growth & Fundraising Coordinator,,scraped,2026-07-25T16:40:33.017306,
ee67dea8a66785b5,https://al.linkedin.com/jobs/view/business-credit-risk-officer-at-tirana-bank-4443879642,Business Credit Risk Officer,Tirana Bank,posted,2026-07-25T16:40:54.649763,633
0490f6c5b3edc9f8,https://al.linkedin.com/jobs/view/ekonomist-e-at-agikons-4441817208,Ekonomist/e,AgiKons,posted,2026-07-25T16:41:13.399742,635
a9421fffc3a253d5,https://al.linkedin.com/jobs/view/senior-sap-basis-administrator-at-service-factory-solutions-4440123407,Senior SAP Basis Administrator,,scraped,2026-07-25T16:41:15.961597,
662ada643cacee1e,https://al.linkedin.com/jobs/view/database-engineer-postgresql-at-ruby-labs-4444452367,Database Engineer (PostgreSQL),Ruby Labs,posted,2026-07-25T16:41:35.323830,637
e08a9f29127ae15a,https://al.linkedin.com/jobs/view/fluent-english-full-stack-developer-python-java-react-at-supportyourapp-4444444515,(fluent English) Full-Stack Developer (Python/Java/React),SupportYourApp,posted,2026-07-25T16:41:43.293489,639
774eda907a4b6c24,https://al.linkedin.com/jobs/view/ekonomist-junior-gjuh%C3%AB-italiane-at-omnes-agency-4420763571,Ekonomist Junior (Gjuhë Italiane),,scraped,2026-07-25T16:41:47.875604,
b19b55d76c141b85,https://al.linkedin.com/jobs/view/duits-engels-support-specialist-remote-at-talentpop-app-4441886549,Duits-Engels Support Specialist (Remote),TalentPop App,posted,2026-07-25T16:42:05.295758,641
8249186f301227cf,https://al.linkedin.com/jobs/view/german-english-customer-support-specialist-remote-work-from-home-full-time-at-talentpop-app-4441878886,German-English Customer Support Specialist (Remote | Work From Home | Full-Time),TalentPop App,posted,2026-07-25T16:42:14.722798,643
c1fa6c60c012bf69,https://al.linkedin.com/jobs/view/senior-software-engineer-java-remote-work-ref%23289965-at-bairesdev-4420466308,Senior Software Engineer (Java) - Remote Work | REF#289965,BairesDev,posted,2026-07-25T16:42:24.347326,645
271f22d4480ba4b6,https://al.linkedin.com/jobs/view/remote-customer-support-representative-german-english-at-talentpop-app-4442998191,Remote Customer Support Representative (German & English),TalentPop App,posted,2026-07-25T16:42:29.039499,391
5671660cc7401c9f,https://al.linkedin.com/jobs/view/german-sales-representative-remote-at-talentpop-app-4443802364,German Sales Representative (Remote),TalentPop App,posted,2026-07-25T16:42:33.919060,585
42d7a85cd4fd4bb0,https://al.linkedin.com/jobs/view/german-customer-support-representative-remote-at-talentpop-app-4443805390,German Customer Support Representative (Remote),TalentPop App,posted,2026-07-25T16:42:40.607711,411
81565de11f0060f0,https://al.linkedin.com/jobs/view/bilingual-customer-service-specialist-german-english-%E2%80%93-voice-chat-at-talentpop-app-4443813267,Bilingual Customer Service Specialist (German/English) – Voice & Chat,TalentPop App,posted,2026-07-25T16:42:47.474520,389
e04ebbd6cc60090c,https://al.linkedin.com/jobs/view/advisor-i-customer-service-italian-at-concentrix-4373139242,"Advisor I, Customer Service - Italian",Concentrix,posted,2026-07-25T16:43:03.080993,647
996726d91a901938,https://al.linkedin.com/jobs/view/btp-integration-suite-is-expert-at-engineering-albania-4440450754,BTP Integration Suite (IS) Expert,,scraped,2026-07-25T16:43:09.678167,
3a776a387b2b36e1,https://al.linkedin.com/jobs/view/support-fan-fiction-at-altonimbus-entertainment-4445344980,"Support, Fan Fiction",ALTONIMBUS ENTERTAINMENT,posted,2026-07-27T19:00:56.795083,649
6022c41bd929671e,https://al.linkedin.com/jobs/view/data-scientist-at-idealdevs-4443324607,Data Scientist,,scraped,2026-07-27T19:01:11.486078,
983c41ec92e1a26c,https://al.linkedin.com/jobs/view/process-automation-specialist-at-adsolution-4445928767,Process Automation Specialist,,scraped,2026-07-27T19:01:18.617294,
e7dbb1676c199122,https://al.linkedin.com/jobs/view/anesth%C3%A9sistes-rempla%C3%A7ants-at-groupe-hospitalier-artois-ternois-4440411184,Anesthésistes remplaçants,,scraped,2026-07-27T19:01:27.527043,
770936e3c6aeaf32,https://al.linkedin.com/jobs/view/digital-campaign-lead-generation-specialist-freelance-part-time-at-moreone-technologies-4442358561,"Digital Campaign & Lead Generation Specialist (Freelance, Part-Time)",,scraped,2026-07-27T19:01:38.011915,
dde7244116a28cfe,https://al.linkedin.com/jobs/view/vodafone-albania-discover-graduate-at-vodafone-4440454532,Vodafone Albania Discover Graduate,,scraped,2026-07-27T19:01:44.415322,
1c355814382cda60,https://al.linkedin.com/jobs/view/fluent-english-full-stack-developer-python-java-react-global-at-supportyourapp-4443332998,"(fluent English) Full-Stack Developer (Python/Java/React, global)",SupportYourApp,posted,2026-07-27T19:01:58.297139,651
bedbfe004fe7b355,https://al.linkedin.com/jobs/view/field-sales-representative-at-i-a-international-4444976361,Field Sales Representative,,scraped,2026-07-27T19:02:00.832619,
b1ac6e3fe29b92ef,https://al.linkedin.com/jobs/view/ai-engineer-technical-product-owner-at-foxelli-group-4445901246,AI Engineer (Technical Product Owner),,scraped,2026-07-27T19:02:08.418158,
406957781392cf9e,https://al.linkedin.com/jobs/view/builder-carpenter-at-dstevens-4445188019,Builder/Carpenter,,scraped,2026-07-27T19:02:14.935313,
56205d92221eb56b,https://al.linkedin.com/jobs/view/fluent-english-full-stack-developer-python-java-react-global-at-supportyourapp-4443331966,"(fluent English) Full-Stack Developer (Python/Java/React, global)",SupportYourApp,posted,2026-07-27T19:02:25.975350,651
a2d333274c28cae2,https://al.linkedin.com/jobs/view/inxhinier-elektrik-elektronik-at-uji-qafshtama-4440153328,Inxhinier Elektrik/ Elektronik,,scraped,2026-07-27T19:02:28.612197,
737a95042a5c13de,https://al.linkedin.com/jobs/view/junior-marketing-specialist-at-bulls-vision-group-4442844284,Junior Marketing Specialist,,scraped,2026-07-27T19:02:37.623055,
28556de05e613b25,https://al.linkedin.com/jobs/view/content-director-at-the-marketing-4442835801,Content Director,The Marketing.,posted,2026-07-27T19:02:51.511757,653
afed730c30723767,https://al.linkedin.com/jobs/view/krijimi-i-identitetit-t%C3%AB-ri-p%C3%ABr-adior-at-sims-marketing-agency-4445146550,Krijimi i identitetit të ri për Adior,SIMS Marketing Agency,posted,2026-07-27T19:03:02.554906,655
cdafb9becec2fe4a,https://al.linkedin.com/jobs/view/service-delivery-specialist-pms-pms-experience-hotel-background-at-hrs-hospitality-retail-systems-4440436805,Service Delivery Specialist PMS (PMS Experience/Hotel background),,scraped,2026-07-27T19:03:07.218940,
58389457cb6b9b9f,https://al.linkedin.com/jobs/view/italian-speaking-customer-care-specialist-at-acca19-4441063590,Italian Speaking Customer Care Specialist,,scraped,2026-07-27T19:03:14.071558,
8628b4c6780c5ae2,https://al.linkedin.com/jobs/view/python%0Ajob-guarentee-certification-at-tecnosoft-4445911924,"PYTHON
JOB GUARENTEE CERTIFICATION",,scraped,2026-07-27T19:03:24.762378,
a15c71c970bd4882,https://al.linkedin.com/jobs/view/vendeur-se-byd-arras-62-at-ggp-automobiles-4444715146,VENDEUR-SE BYD Arras 62,,scraped,2026-07-27T19:03:31.384472,
dd9960266fe3c8a6,https://al.linkedin.com/jobs/view/praca-dodatkowa-w-sklepie-dealz-at-dealz-poland-4442851949,Praca dodatkowa w Sklepie Dealz,,scraped,2026-07-27T19:03:40.814716,
1f34c9cf8b268791,https://al.linkedin.com/jobs/view/praca-dodatkowa-w-sklepie-dealz-at-dealz-poland-4442834977,Praca dodatkowa w Sklepie Dealz,,scraped,2026-07-27T19:03:48.335749,
e728b15f853064f6,https://al.linkedin.com/jobs/view/production-buyer-at-quincy-compressor-4444368387,Production Buyer,Quincy Compressor,posted,2026-07-27T19:04:02.643949,441
c2cd25e56849b049,https://al.linkedin.com/jobs/view/adetto-a-alla-segretaria-organizzativa-logistica-at-scale-out-4445964263,Adetto/a alla Segretaria Organizzativa Logistica,,scraped,2026-07-27T19:04:05.338082,
c608e72af45e1336,https://al.linkedin.com/jobs/view/corso-rspp-medio-rischio-%E2%80%93-aggiornamento-at-assiform-4445159591,Corso RSPP Medio Rischio – Aggiornamento,,scraped,2026-07-27T19:04:13.147346,
75bef0812346a478,https://al.linkedin.com/jobs/view/menaxhere-zyre-durres-afs-real-estate-at-asel-albania-4444919541,Menaxhere Zyre Durres (AFS real estate),ASEL Albania,posted,2026-07-27T19:04:27.464655,657
e9325d7a4aae75c1,https://al.linkedin.com/jobs/view/senior-javascript-node-js-mcp-developer-fintech-project-at-sigma-software-group-4443345284,Senior JavaScript/Node.js MCP Developer (FinTech Project),,scraped,2026-07-27T19:04:32.079472,
eefb99870a7c6e42,https://al.linkedin.com/jobs/view/konsulent-imobiliar-4440438204,Konsulent Imobiliar,RE/MAX Koncept,posted,2026-07-27T19:04:45.681989,659
0fdb22eadeaa1697,https://al.linkedin.com/jobs/view/duits-engels-klantenservice-specialist-at-talentpop-app-4441888371,Duits-Engels Klantenservice Specialist,TalentPop App,posted,2026-07-27T19:04:55.264465,661
a056d400b04fd99e,https://al.linkedin.com/jobs/view/bilingual-customer-service-specialist-german-english-%E2%80%93-voice-chat-at-talentpop-app-4442821164,Bilingual Customer Service Specialist (German/English) – Voice & Chat,TalentPop App,posted,2026-07-27T19:05:02.390030,389
5f1c3ce109edd033,https://al.linkedin.com/jobs/view/deutsch-%2B-english%3F-we-re-hiring%21-remote-customer-support-specialists-at-talentpop-app-4441895245,Deutsch + English? We're Hiring! Remote Customer Support Specialists,TalentPop App,posted,2026-07-27T19:05:13.756698,663
adfe25ee6bc6cc13,https://al.linkedin.com/jobs/view/ndihm%C3%ABs-ekonomiste-at-hidrosistem-4443787055,Ndihmës/Ekonomiste,,scraped,2026-07-27T19:05:16.309681,
15555bfac0cc3001,https://al.linkedin.com/jobs/view/conseiller-clients-en-assurance-h-f-arras-at-gan-assurances-4445996939,Conseiller clients en assurance H/F - ARRAS,,scraped,2026-07-27T19:05:27.352853,
ebf95ccc03447cc4,https://al.linkedin.com/jobs/view/bilingual-german-english-customer-experience-specialist-at-talentpop-app-4442333733,Bilingual German-English Customer Experience Specialist,TalentPop App,posted,2026-07-27T19:05:43.157847,665
bb048e1eac4547c9,https://al.linkedin.com/jobs/view/bilingual-german-english-customer-experience-specialist-at-talentpop-app-4441881840,Bilingual German-English Customer Experience Specialist,TalentPop App,scraped,2026-07-27T19:05:47.301875,
a2378bd06f52e34a,https://al.linkedin.com/jobs/view/german-english-speaking-customer-service-support-at-talentpop-app-4442809166,German-English Speaking Customer Service Support,TalentPop App,posted,2026-07-27T19:05:54.479595,325
d88d62f153a7176b,https://al.linkedin.com/jobs/view/ai-senior-specialist-at-deloitte-4441543480,AI Senior/Specialist,Deloitte,posted,2026-07-27T19:06:04.919836,667
b0837e30a9a2404b,https://al.linkedin.com/jobs/view/german-english-speaking-customer-service-support-at-talentpop-app-4442819119,German-English Speaking Customer Service Support,TalentPop App,posted,2026-07-27T19:06:09.783465,325
5b5f94bc43fbb5b7,https://al.linkedin.com/jobs/view/golem-at-biflorica-4446578869,Golem,BiFlorica,posted,2026-07-29T18:00:34.440245,669
df5e57789c0a04ec,https://al.linkedin.com/jobs/view/golem-express-at-biflorica-4446587740,Golem Express,BiFlorica,posted,2026-07-29T18:00:43.825079,671
54a7d7d320e6e382,https://al.linkedin.com/jobs/view/purchase-specialist-at-kalaja-talent-consulting-4442835227,Purchase Specialist,,scraped,2026-07-29T18:00:50.475167,
c57a38120aa6b21d,https://al.linkedin.com/jobs/view/shift-operator-at-statkraft-4443247547,Shift Operator,,scraped,2026-07-29T18:01:00.917024,
55060896e0ac09f5,https://al.linkedin.com/jobs/view/psychiatry-at-nectar-locums-4446015467,Psychiatry,Nectar Locums,posted,2026-07-29T18:01:13.865605,673
85d1959299979934,https://al.linkedin.com/jobs/view/shift-operator-at-pendl-piswanger-albania-kosovo-4445721654,Shift Operator,Pendl & Piswanger Albania & Kosovo,posted,2026-07-29T18:01:28.254525,675
e8703ea153d59a41,https://al.linkedin.com/jobs/view/leasing-factoring-relationship-manager-corporate-sme-division-at-tirana-bank-4445489285,"Leasing & Factoring Relationship Manager, Corporate & SME Division",Tirana Bank,posted,2026-07-29T18:01:42.399700,677
932a1558865b13a9,https://al.linkedin.com/jobs/view/junior-talent-acquisition-partner-at-transcom-4444136341,Junior Talent Acquisition Partner,,scraped,2026-07-29T18:01:45.059139,
548a2175865c5bd2,https://al.linkedin.com/jobs/view/jurist-e-at-sicred-sh-a-4444141338,Jurist/e,,scraped,2026-07-29T18:01:56.627512,
c00e63046e5c1e7a,https://al.linkedin.com/jobs/view/head-of-bfsi-solutions-at-neurons-lab-4445960001,Head of BFSI Solutions,,scraped,2026-07-29T18:02:03.875296,
2a2645b7c5939cb8,https://al.linkedin.com/jobs/view/fa%C3%A7ade-design-engineer-at-alca-4442816413,Façade Design Engineer,ALCA,posted,2026-07-29T18:02:21.047811,679
536fe12351059cec,https://al.linkedin.com/jobs/view/hr-generalist-junior-at-selecta-digital-albania-4443299099,HR Generalist Junior,,scraped,2026-07-29T18:02:25.823414,
46f66b8520f8f7c9,https://al.linkedin.com/jobs/view/head-of-digital-marketing-at-pik-4444138287,Head of Digital Marketing,,scraped,2026-07-29T18:02:34.433507,
ebca5444854f0eb0,https://al.linkedin.com/jobs/view/praca-dodatkowa-w-sklepie-dealz-at-dealz-poland-4443601226,Praca dodatkowa w Sklepie Dealz,,scraped,2026-07-29T18:02:40.890892,
71c7b4b1a635eede,https://al.linkedin.com/jobs/view/praca-dodatkowa-w-sklepie-dealz-at-dealz-poland-4443290930,Praca dodatkowa w Sklepie Dealz,,scraped,2026-07-29T18:02:48.182853,
c5c14bfc69c631b1,https://al.linkedin.com/jobs/view/praca-dodatkowa-w-sklepie-dealz-at-dealz-poland-4443604159,Praca dodatkowa w Sklepie Dealz,,scraped,2026-07-29T18:02:55.503190,
6bf555927e6c113a,https://al.linkedin.com/jobs/view/praca-dodatkowa-w-sklepie-dealz-at-dealz-poland-4443600321,Praca dodatkowa w Sklepie Dealz,,scraped,2026-07-29T18:03:02.440119,
9890f03e15ee4555,https://al.linkedin.com/jobs/view/senior-marketing-executive-at-kalaja-talent-consulting-4443234813,Senior Marketing Executive,,scraped,2026-07-29T18:03:10.107349,
870994040d7c05eb,https://al.linkedin.com/jobs/view/account-sales-manager-at-dekoll-albania-4443239876,ACCOUNT SALES MANAGER,Dekoll Albania,posted,2026-07-29T18:03:45.642635,681
54f605b1e4b1a8fa,https://al.linkedin.com/jobs/view/healthtech-co-founder-cpto-100-%25-remote-m-f-d-at-ewor-4444398123,HealthTech Co-Founder / CPTO (100 % remote) (m/f/d),,scraped,2026-07-29T18:03:48.274578,
d781f2d5490a9280,https://al.linkedin.com/jobs/view/ai-evaluation-annotation-reviewer-l3-advanced-level-italian-at-volga-partners-4444233153,AI Evaluation & Annotation Reviewer (L3 - Advanced Level) - Italian,Volga Partners,posted,2026-07-29T18:04:01.017782,683
e58491eec5c4dddd,https://al.linkedin.com/jobs/view/corso-aggiornamento-rappresentante-lavoratori-sicurezza-at-assiform-4445156656,Corso Aggiornamento Rappresentante Lavoratori Sicurezza,,scraped,2026-07-29T18:04:03.656401,
fa0585dca61e36d5,https://al.linkedin.com/jobs/view/software-engineer-at-vodafone-4444133341,Software Engineer,Vodafone,posted,2026-07-29T18:04:19.974756,685
980d878fb7b9d947,https://al.linkedin.com/jobs/view/hris-implementation-project-manager-at-yassir-4446824719,HRIS Implementation Project Manager,Yassir,posted,2026-07-29T18:04:31.137865,687
1237d6b1c04ea2b7,https://al.linkedin.com/jobs/view/accounting-finance-specialist-f-m-x-at-enpal-4437775617,Accounting & Finance Specialist(f/m/x),,scraped,2026-07-29T18:04:33.877924,
e3a1d527292b204c,https://al.linkedin.com/jobs/view/commission-analyst-vois-at-vois-4417948577,COMMISSION ANALYST - VOIS,,scraped,2026-07-29T18:04:40.279895,
4e0a0a8cd4d71f18,https://al.linkedin.com/jobs/view/applied-ai-co-founder-cco-100-%25-remote-m-f-d-at-ewor-4444392279,Applied AI Co-Founder / CCO (100 % remote) (m/f/d),,scraped,2026-07-29T18:04:46.733250,
22c2624f44040816,https://al.linkedin.com/jobs/view/rust-developer-at-mwdn-4446407463,Rust Developer,MWDN,posted,2026-07-29T18:05:03.712360,689
312266dbc7b7d712,https://al.linkedin.com/jobs/view/corso-rspp-alto-rischio-%E2%80%93-aggiornamento-at-assiform-4445152642,Corso RSPP Alto Rischio – Aggiornamento,,scraped,2026-07-29T18:05:06.319726,
8c7dbbe7443f90de,https://al.linkedin.com/jobs/view/consulente-sap-at-software-business-srl-benefit-4444874551,Consulente SAP,,scraped,2026-07-29T18:05:12.587215,
5cda35722738f56c,https://al.linkedin.com/jobs/view/sales-agent-at-alcedrix-llc-4444136563,Sales Agent,Alcedrix LLC,posted,2026-07-29T18:05:31.332164,691
eadc360fd3fd44f7,https://al.linkedin.com/jobs/view/programy-ewt-2014-2020-w-toruniu-at-wojew%C3%B3dztwo-kujawsko-pomorskie-4443251070,Programy EWT 2014-2020 w Toruniu,,scraped,2026-07-29T18:05:34.012535,
9f8f09f2af59e05e,https://al.linkedin.com/jobs/view/sales-analyst-at-domp%C3%A9-4433307061,Sales Analyst,,scraped,2026-07-29T18:05:41.596255,
9ba5a1a6203a49cd,https://al.linkedin.com/jobs/view/jurist-e-durres-pespa-alumin-at-retail-albania-4444132245,Jurist/e Durres (Pespa Alumin),Retail Albania,posted,2026-07-29T18:05:55.352518,693
c764fab992e0bb4d,https://al.linkedin.com/jobs/view/associate-partner-public-advisory-at-civitta-4443404121,Associate Partner | Public Advisory,,scraped,2026-07-29T18:05:59.976857,
55ce1ef458199394,https://al.linkedin.com/jobs/view/kontabilist-e-at-omnes-agency-4444106640,Kontabilist/e,,scraped,2026-07-29T18:06:06.707521,
3d5e5eb1d7677f0c,https://al.linkedin.com/jobs/view/corso-lavoro-al-videoterminale-vdt-at-assiform-4445167553,Corso Lavoro al Videoterminale (VDT),,scraped,2026-07-29T18:06:15.441701,
7366a88a1d5a3e7a,https://al.linkedin.com/jobs/view/underwriting-specialist-at-kredo-al-4444124619,Underwriting Specialist,,scraped,2026-07-29T18:06:23.311687,
3eeee32305db1cdf,https://al.linkedin.com/jobs/view/https-indonesiacareercenter-id-pelantikan-pengurus-iccn-2020-2024-at-indonesia-career-center-network-4444520767,https://indonesiacareercenter.id/pelantikan-pengurus-iccn-2020-2024/,,scraped,2026-07-31T18:56:37.517087,
b435c89f43541561,https://al.linkedin.com/jobs/view/senior-project-manager-remote-contract-at-infuse-4446850882,"Senior Project Manager (Remote, Contract)",INFUSE,posted,2026-07-31T18:56:50.465650,597
fd86146470d35825,https://al.linkedin.com/jobs/view/entertainment-fan-experience-graduate-assistantship-at-clemson-student-athlete-development-4445457849,Entertainment & Fan Experience Graduate Assistantship,Clemson Student-Athlete Development,posted,2026-07-31T18:57:01.385121,695
2b8bf0cf313be986,https://al.linkedin.com/jobs/view/entertainment-fan-experience-internships-assistantships-at-clemson-student-athlete-development-4445452893,Entertainment & Fan Experience Internships/Assistantships,Clemson Student-Athlete Development,posted,2026-07-31T18:57:10.182618,697
505193964ed11a08,https://al.linkedin.com/jobs/view/client-success-representative-remote-contract-at-infuse-4447575194,"Client Success Representative (Remote, Contract)",INFUSE,posted,2026-07-31T18:57:19.091286,699
100392e8ecb8e9fc,https://al.linkedin.com/jobs/view/senior-product-manager-remote-contract-at-infuse-4447221792,"Senior Product Manager (Remote, Contract)",INFUSE,posted,2026-07-31T18:57:23.872906,613
6a7e7431deb28777,https://al.linkedin.com/jobs/view/front-end-web-developer-at-hornbill-shpk-4445537415,Front-End Web Developer,Hornbill SHPK,posted,2026-07-31T18:57:33.264675,701
3928017acb1f42a5,https://al.linkedin.com/jobs/view/production-ai-innovation-lead-contract-remote-at-infuse-4445228154,"Production AI Innovation Lead (Contract, Remote)",INFUSE,posted,2026-07-31T18:57:42.860849,703
2e320fc80f1872fc,https://al.linkedin.com/jobs/view/internal-listing-water-wastewater-operator-4-at-city-of-tulsa-4447004333,INTERNAL LISTING: WATER/WASTEWATER OPERATOR 4,City of Tulsa,posted,2026-07-31T18:57:52.314538,705
e1f78c1e0dd20395,https://al.linkedin.com/jobs/view/finance-specialist-at-smart-home-albania-4445527195,Finance Specialist,,scraped,2026-07-31T18:57:55.023316,
79ec17900b8ecbb6,https://al.linkedin.com/jobs/view/lathe-operator-at-xoen-4445522651,Lathe Operator,,scraped,2026-07-31T18:58:01.908278,
73d55725cfc79ddc,https://al.linkedin.com/jobs/view/brand-manager-at-dm-consulting-services-4445096161,Brand Manager,DM Consulting Services,posted,2026-07-31T18:58:19.735441,707
a7408ea57131fb2a,https://al.linkedin.com/jobs/view/p%C3%ABrgjegj%C3%ABs-koordinator-i-siguris%C3%AB-dhe-sh%C3%ABndetit-n%C3%AB-pun%C3%AB-hse-at-progeen-construction-4445531004,Përgjegjës/Koordinator i sigurisë dhe shëndetit në punë (HSE),,scraped,2026-07-31T18:58:24.284130,
c14f2ac186b36eea,https://al.linkedin.com/jobs/view/accountant-at-krka-4443283642,Accountant,,scraped,2026-07-31T18:58:32.464463,
581db1b4ee79bc79,https://al.linkedin.com/jobs/view/national-consultant-for-contracting-and-procurement-education-section-16-months-tirana-albania-for-albanian-nationals-only-office-based-%23592982-at-unicef-chad-4441842119,"National Consultant for Contracting and Procurement, Education section, 16 months, Tirana, Albania (For Albanian nationals only) Office Based #592982",Unicef CHAD,posted,2026-07-31T18:58:52.189807,709
e1e04b3b614f78df,https://al.linkedin.com/jobs/view/senior-corporate-credit-officer-at-tirana-bank-4446993622,Senior Corporate Credit Officer,Tirana Bank,posted,2026-07-31T18:59:05.047385,711
6f9be30ff54c345d,https://al.linkedin.com/jobs/view/data-analyst-ai-translation-quality-at-onthegosystems-4447544179,Data Analyst - AI Translation Quality,,scraped,2026-07-31T18:59:07.772276,
2812cb5c0cf09d7d,https://al.linkedin.com/jobs/view/legal-officer-at-mia-finance-microcredit-institution-albania-4444579779,Legal Officer,,scraped,2026-07-31T19:03:00.887404,
8e72949eea4a1ec2,https://al.linkedin.com/jobs/view/hr-generalist-junior-at-selecta-digital-albania-4443295729,HR Generalist Junior,,scraped,2026-07-31T19:03:08.107710,
82cfeb9acd1f1463,https://al.linkedin.com/jobs/view/ai-engineer-technical-product-owner-at-foxelli-group-4445907223,AI Engineer (Technical Product Owner),,scraped,2026-07-31T19:03:19.448315,
8dac59a10e56ec98,https://al.linkedin.com/jobs/view/junior-accountant-asistent-kontabilist-at-s-e-laze-audit-4445039569,Junior Accountant / Asistent Kontabilist,S & E LAZE AUDIT,posted,2026-07-31T19:03:35.786015,713
654f9e4c51cd0ade,https://al.linkedin.com/jobs/view/internship-opportunity-at-juris-legal-delhi-applications-open-at-legal-junction-associates-4445728669,"Internship Opportunity at Juris Legal, Delhi: Applications Open",,scraped,2026-07-31T19:03:48.707769,
5428c9579928eb32,https://al.linkedin.com/jobs/view/business-analyst-profil-finance-at-zero-odoopartner-4444582301,Business Analyst - Profil Finance,zero.odoopartner,posted,2026-07-31T19:04:04.828371,715
fac6afe7e1b754c8,https://al.linkedin.com/jobs/view/generalista-risorse-umane-at-selecta-digital-albania-4443293836,Generalista risorse umane,,scraped,2026-07-31T19:04:11.484049,
4ad88726b2ae8787,https://al.linkedin.com/jobs/view/photographer-videographer-at-park-studios-agency-4445097496,Photographer/Videographer,,scraped,2026-07-31T19:04:20.648165,
8efbf7983bac79ba,https://al.linkedin.com/jobs/view/specialist-e-administrimi-at-sicred-sh-a-4442873031,Specialist/e Administrimi,,scraped,2026-07-31T19:04:27.583111,
7f0dbcb744d0d735,https://al.linkedin.com/jobs/view/addetto-gestione-sinistri-at-doctor-hail-albania-4445945821,Addetto gestione sinistri,,scraped,2026-07-31T19:04:35.108587,
14984a4d8444347f,https://al.linkedin.com/jobs/view/internship-opening-multi-homed-multi-hop-wireless-transport-at-epizeuxis-4445674171,"Internship Opening: Multi-Homed, Multi-Hop, Wireless Transport",,scraped,2026-07-31T19:04:47.630914,
01a2accbd24ea2fb,https://al.linkedin.com/jobs/view/inxhinier-e-kostoist-at-matrix-konstruksion-4446597464,Inxhinier/e kostoist,,scraped,2026-07-31T19:04:54.150056,
914754daec557ffd,https://al.linkedin.com/jobs/view/praca-dodatkowa-w-sklepie-dealz-at-dealz-poland-4444139364,Praca dodatkowa w Sklepie Dealz,,scraped,2026-07-31T19:05:03.490716,
8b905d6bf7e95284,https://al.linkedin.com/jobs/view/praca-dodatkowa-w-sklepie-dealz-at-dealz-poland-4444134605,Praca dodatkowa w Sklepie Dealz,,scraped,2026-07-31T19:05:10.901353,
56792daad1de51d3,https://al.linkedin.com/jobs/view/praca-dodatkowa-w-sklepie-dealz-at-dealz-poland-4444138354,Praca dodatkowa w Sklepie Dealz,,scraped,2026-07-31T19:05:18.111675,
fb0d348713498f7c,https://al.linkedin.com/jobs/view/praca-dodatkowa-w-sklepie-dealz-at-dealz-poland-4444120962,Praca dodatkowa w Sklepie Dealz,,scraped,2026-07-31T19:05:25.249155,
d889ade2030d487f,https://al.linkedin.com/jobs/view/internship-opening-light-efficient-multicast-with-b-i-e-r-at-epizeuxis-4445674173,"Internship Opening: Light, Efficient Multicast with B.I.E.R.",,scraped,2026-07-31T19:05:32.561398,
d6dd1efbd33abf49,https://al.linkedin.com/jobs/view/ai-video-editor-motion-designer-at-capslock-4446937340,AI Video Editor / Motion Designer,,scraped,2026-07-31T19:05:38.485970,
7ef676004e448eef,https://al.linkedin.com/jobs/view/service-desk-agent-german-4443784061,Service Desk Agent German,Victoria Venture Capital sh.p.k,posted,2026-07-31T19:05:50.201562,717
a4e81a0d17248bda,https://al.linkedin.com/jobs/view/senior-rust-developer-at-mwdn-4446771781,Senior Rust Developer,MWDN,posted,2026-07-31T19:06:04.020243,719
48fa2d4523cdfa9f,https://al.linkedin.com/jobs/view/inserat-full-stack-web-developer-entwickler-at-transportschule-ag-4446572206,Inserat Full Stack Web Developer/Entwickler,,scraped,2026-07-31T19:06:06.648707,
60cdc360859ebabc,https://al.linkedin.com/jobs/view/kundenservice-mitarbeiter-im-homeoffice-at-globl-contact-4446553853,Kundenservice Mitarbeiter - im Homeoffice,,scraped,2026-07-31T19:06:13.402467,
ad27561c483629f0,https://al.linkedin.com/jobs/view/inxhinier-elektrik-at-eco-energjia-fotovoltaike-4443263285,Inxhinier Elektrik,,scraped,2026-07-31T19:06:21.313835,
e87a29e2b23ad5bb,https://al.linkedin.com/jobs/view/electrical-engineer-at-air-water-mep-engineering-4446797301,Electrical Engineer,,scraped,2026-07-31T19:06:27.813535,
acb6cb92efb6d608,https://al.linkedin.com/jobs/view/junior-php-developer-laravel-m-f-d-in-prishtina-kosovo-at-everhype-systems-4442868124,"Junior PHP Developer Laravel (m/f/d) in Prishtina, Kosovo",,scraped,2026-07-31T19:06:36.503483,
f222021828f4eb78,https://al.linkedin.com/jobs/view/inxhinier-elektrik-at-ixhem-shpk-4445005617,Inxhinier Elektrik,,scraped,2026-07-31T19:06:42.560626,
1ffffcb02adad321,https://al.linkedin.com/jobs/view/accounting-and-tax-specialist-at-eurofast-int-l-4445503064,Accounting and Tax Specialist,Eurofast Int'l,posted,2026-07-31T19:07:00.819736,721
8889f5824cd6c729,https://al.linkedin.com/jobs/view/finance-manager-at-dekra-arbeit-group-albania-4446576637,Finance Manager,DEKRA Arbeit Group Albania,posted,2026-07-31T19:07:18.527698,723
4a916a0a16a32373,https://al.linkedin.com/jobs/view/real-estate-agent-property-sourcing-at-harob-co-4447500981,Real Estate Agent (Property Sourcing),,scraped,2026-07-31T19:07:21.081177,
a23a7c45e304ede2,https://al.linkedin.com/jobs/view/ai-engineer-at-oracle-law-global-4444570251,Ai Engineer,,scraped,2026-07-31T19:07:29.906000,
441972edc8c74f11,https://al.linkedin.com/jobs/view/k%C3%ABshillues-biznesi-tiran%C3%AB-at-procredit-bank-albania-4447018267,Këshillues Biznesi - Tiranë,,scraped,2026-07-31T19:07:39.974077,
4278a254ace85e2c,https://al.linkedin.com/jobs/view/wnioskowanie-o-%C5%9Brodki-z-rezerwy-celowej-bud%C5%BCetu-pa%C5%84stwa-i-bud%C5%BCetu-%C5%9Brodk%C3%B3w-europejskich-dla-program%C3%B3w-na-2015-r-at-wojew%C3%B3dztwo-kujawsko-pomorskie-4443234844,Wnioskowanie o środki z rezerwy celowej budżetu państwa i budżetu środków europejskich dla programów na 2015 r.,,scraped,2026-07-31T19:07:50.957801,
2231665cc36c81d7,https://al.linkedin.com/jobs/view/applied-ai-co-founder-cco-100-%25-remote-m-f-d-at-ewor-4447148182,Applied AI Co-Founder / CCO (100 % remote) (m/f/d),,scraped,2026-07-31T19:08:03.590352,
7d0cb2c0957293ea,https://al.linkedin.com/jobs/view/praca-dodatkowa-w-sklepie-dealz-at-dealz-poland-4442849988,Praca dodatkowa w Sklepie Dealz,,scraped,2026-07-31T19:08:10.147876,
f87064f3ac740e75,https://al.linkedin.com/jobs/view/legal-associate-german-speaking-at-oracle-law-global-4444138209,Legal Associate - German speaking,,scraped,2026-07-31T19:08:17.667663,
615a8ee238769b75,https://al.linkedin.com/jobs/view/lider-liderka-zmiany-at-dealz-poland-4442865013,Lider / Liderka zmiany,,scraped,2026-07-31T19:08:29.622316,
ece62a580e257f37,https://al.linkedin.com/jobs/view/lider-liderka-zmiany-at-dealz-poland-4442849983,Lider / Liderka zmiany,,scraped,2026-07-31T19:08:37.290630,
cbd4cbb25fbb8388,https://al.linkedin.com/jobs/view/dispatch-coordinator-at-cs-outsource-4446927338,Dispatch Coordinator,CS Outsource,posted,2026-07-31T19:08:50.843406,725
77ef6856453b1e2c,https://al.linkedin.com/jobs/view/commerciale-telefonico-in-italiano-at-auto1-group-4444129535,Commerciale telefonico in Italiano,,scraped,2026-07-31T19:09:01.414657,
bbeff809bc74bc1d,https://al.linkedin.com/jobs/view/financial-advisory-analyst-data-driven-solution-team-at-deloitte-4443261796,Financial Advisory Analyst - Data Driven Solution Team,Deloitte,posted,2026-07-31T19:09:20.910406,727
2180e6cdb9023e85,https://al.linkedin.com/jobs/view/pozicione-vakante-p%C3%ABr-personel-akademik-efektiv-fakulteti-i-drejt%C3%ABsis%C3%AB-at-luarasi-university-4446506181,POZICIONE VAKANTE PËR PERSONEL AKADEMIK EFEKTIV-FAKULTETI I DREJTËSISË,,scraped,2026-08-01T16:43:35.912532,
da1d095eeaf8f627,https://al.linkedin.com/jobs/view/talent-acquisition-development-specialist-at-balfin-group-4445114029,Talent Acquisition & Development Specialist,,scraped,2026-08-01T16:43:48.455052,
18a0d48cd3c10be2,https://al.linkedin.com/jobs/view/software-tester-at-ebsco-information-services-4444547898,software  tester,EBSCO Information Services,posted,2026-08-01T16:44:00.815734,457
d3743a3d7d597768,https://al.linkedin.com/jobs/view/arkitekt-kantieri-at-balfin-construction-4446738818,Arkitekt Kantieri,Balfin Construction,posted,2026-08-01T16:44:12.413665,729
7a995f99395ed216,https://al.linkedin.com/jobs/view/internal-listing-water-wastewater-operator-i-at-city-of-tulsa-4447707945,INTERNAL LISTING - WATER/WASTEWATER OPERATOR I,City of Tulsa,posted,2026-08-01T16:44:21.311099,731
492456c42da57e0a,https://al.linkedin.com/jobs/view/internship-it-project-management-m-f-d-in-prishtin%C3%AB-kosov%C3%AB-at-everhype-systems-4442852089,"Internship: IT Project Management (m/f/d) in Prishtinë, Kosovë",,scraped,2026-08-01T16:44:23.889980,
d70fe503f9b59926,https://al.linkedin.com/jobs/view/engineering-manager-remote-europe-at-n8n-4446124122,Engineering Manager | Remote | Europe,,scraped,2026-08-01T16:44:32.033047,
340046686c2c0a5d,https://al.linkedin.com/jobs/view/sales-marketing-manager-at-moreone-technologies-4442360563,Sales & Marketing Manager,,scraped,2026-08-01T16:44:38.391460,
789ad59de0814fe1,https://al.linkedin.com/jobs/view/junior-water-engineer-m-f-at-suez-4446934025,Junior Water Engineer m/f,,scraped,2026-08-01T16:44:44.998596,
f9dfea90834d877f,https://al.linkedin.com/jobs/view/front-desk-customer-service-temporary-contract-6-months-at-tirana-bank-4447144950,Front Desk Customer Service - (Temporary Contract 6 months),Tirana Bank,posted,2026-08-01T16:45:02.773108,733
ea6dd481c53b71d6,https://al.linkedin.com/jobs/view/junior-finance-specialist-at-zero-odoopartner-4444587165,Junior Finance Specialist,zero.odoopartner,posted,2026-08-01T16:45:14.665832,735
da3e089df1322f19,https://al.linkedin.com/jobs/view/business-credit-risk-officer-at-tirana-bank-4446995387,Business Credit Risk Officer,Tirana Bank,posted,2026-08-01T16:45:22.006393,633
8cb5a2967b81de35,https://al.linkedin.com/jobs/view/marketing-manager-strategist-content-creator-social-media-manager-at-educational-centre-albania-4443281075,Marketing Manager & Strategist | Content Creator & Social Media Manager,,scraped,2026-08-01T16:45:26.436539,
84104a0cd3f88971,https://al.linkedin.com/jobs/view/integration-manager-retail-pricing-ai-at-sigma-software-group-4444564120,Integration Manager (Retail Pricing AI),,scraped,2026-08-01T16:45:43.014882,
640f3ab6de8a2f31,https://al.linkedin.com/jobs/view/outreach-specialist-reach-out-specialist-at-thesoul-group-4447508903,Outreach Specialist / Reach-out Specialist,,scraped,2026-08-01T16:45:56.106186,
bdb523304325e8f8,https://al.linkedin.com/jobs/view/real-estate-sales-agent-at-seamless-assist-4447130866,Real Estate Sales Agent,Seamless Assist,posted,2026-08-01T16:46:08.324473,737
29fca559f99f47ed,https://al.linkedin.com/jobs/view/lead-generation-director-at-infotelecom-4444542375,Lead Generation Director,INFOTelecom,posted,2026-08-01T16:46:23.723574,739
75c55aef85a9c044,https://al.linkedin.com/jobs/view/customer-success-specialist-at-cs-outsource-4446795863,Customer Success Specialist,CS Outsource,posted,2026-08-01T16:46:34.075965,741
943ee20c8a2e7cc7,https://al.linkedin.com/jobs/view/medical-sales-representative-at-evergreen-4447294364,Medical Sales Representative,,scraped,2026-08-01T16:46:36.590580,
06e57bbd3d2abe5b,https://al.linkedin.com/jobs/view/hr-specialist-at-titan-albania-4446063453,HR Specialist,,scraped,2026-08-01T16:46:51.945540,
831093647484e3a8,https://al.linkedin.com/jobs/view/praca-dodatkowa-w-sklepie-dealz-at-dealz-poland-4445008701,Praca dodatkowa w Sklepie Dealz,,scraped,2026-08-01T16:47:07.495102,
00ee39657c9c92c9,https://al.linkedin.com/jobs/view/business-analyst-at-shortcut-4447130531,Business Analyst,,scraped,2026-08-01T16:47:19.853459,
dc806e5d7ca2ff6a,https://al.linkedin.com/jobs/view/customer-care-agent-at-flutter-entertainment-4444116276,Customer Care Agent,Flutter Entertainment,posted,2026-08-01T16:47:36.340446,743
ba7dc583627d5726,https://al.linkedin.com/jobs/view/financial-advisory-analyst-data-driven-solution-team-at-acca-careers-4447287917,Financial Advisory Analyst - Data Driven Solution Team,,scraped,2026-08-01T16:47:44.866705,
ee2157e9c20202a3,https://al.linkedin.com/jobs/view/konsulente-shitjesh-at-brunes-group-4445504067,Konsulente Shitjesh,,scraped,2026-08-01T16:47:51.697100,
f34f607540030ec3,https://al.linkedin.com/jobs/view/internship-opening-aggregate-signatures-for-mutable-messages-at-epizeuxis-4445657298,Internship Opening: Aggregate Signatures for Mutable Messages,,scraped,2026-08-01T16:47:59.430919,
1463bcf3ef76518a,https://al.linkedin.com/jobs/view/medical-doctor-at-air-doctor-4446997533,Medical Doctor,,scraped,2026-08-01T16:48:09.711483,
bd77b5b7c6ca7181,https://al.linkedin.com/jobs/view/con-2026-28-migration-secretariat-support-consultant-3-positions-at-iom-un-migration-4447520774,CON 2026/28 - Migration Secretariat Support Consultant (3 positions),IOM - UN Migration,posted,2026-08-01T16:48:27.277242,745
2a69c9734f3dcec8,https://al.linkedin.com/jobs/view/senior-software-engineer-ai-interaction-evaluator-codex-claude-code-up-to-%24200-hr-at-g2i-inc-4445493750,"Senior Software Engineer - AI Interaction Evaluator (Codex / Claude Code, up to $200/hr)",G2i Inc.,posted,2026-08-01T16:48:40.917939,747
26108473dbcab255,https://al.linkedin.com/jobs/view/marketing-specialist-at-zero-odoopartner-4444582247,Marketing Specialist,zero.odoopartner,posted,2026-08-01T16:48:56.217018,293
4f3f2373edb258f3,https://al.linkedin.com/jobs/view/lider-liderka-zmiany-1-2-etatu-at-dealz-poland-4443297413,Lider / Liderka zmiany - 1/2 etatu,,scraped,2026-08-01T16:48:58.763511,
2921e335bd3eecc1,https://al.linkedin.com/jobs/view/kasjer-sprzedawca-kasjerka-sprzedawczyni-at-dealz-poland-4442850951,Kasjer-Sprzedawca / Kasjerka-Sprzedawczyni,,scraped,2026-08-01T16:49:10.199231,
92cbcfc7832caa91,https://al.linkedin.com/jobs/view/sales-specialist-at-cs-outsource-4447191621,Sales Specialist,CS Outsource,posted,2026-08-01T16:49:27.416162,749
9fb4225f3e98f8e0,https://al.linkedin.com/jobs/view/njoftim-p%C3%ABr-vende-t%C3%AB-lira-pune-p%C3%ABr-personel-akademik-me-koh%C3%AB-t%C3%AB-plot%C3%AB-n%C3%AB-fakultetin-ekonomik-universitetit-%E2%80%9Cluarasi%E2%80%9D-p%C3%ABr-vitin-akademik-2024-2025-at-luarasi-university-4446390642,NJOFTIM PËR VENDE TË LIRA PUNE PËR PERSONEL AKADEMIK ME KOHË TË PLOTË NË FAKULTETIN EKONOMIK UNIVERSITETIT “LUARASI” PËR VITIN AKADEMIK 2024-2025,,scraped,2026-08-01T16:49:30.212602,
0dcf83a77f9c64be,https://al.linkedin.com/jobs/view/virtual-assistant-at-cs-outsource-4444605748,Virtual Assistant,CS Outsource,posted,2026-08-01T16:49:43.077232,29
c5fd17b48855e7ae,https://al.linkedin.com/jobs/view/financial-planning-and-analyst-temporary-position-at-concentrix-4444178693,Financial Planning and Analyst - Temporary Position,Concentrix,posted,2026-08-01T16:49:52.184356,751
7813dc760213c898,https://al.linkedin.com/jobs/view/karnival-e-kerjaya-2021-at-14th-malaysian-symposium-of-biomedical-science-4447886523,KARNIVAL e-KERJAYA 2021,,scraped,2026-08-03T19:11:39.000924,
52a8f060a4b0061f,https://al.linkedin.com/jobs/view/sales-representative-at-eteacher-group-4447699873,Sales Representative,,scraped,2026-08-03T19:12:00.454094,
570a06225991cf18,https://al.linkedin.com/jobs/view/zast%C4%99pca-zast%C4%99pczyni-kierownika-sklepu-dealz-at-dealz-poland-4446215473,Zastępca / Zastępczyni Kierownika Sklepu Dealz,,scraped,2026-08-03T19:12:09.935787,
c9fc1a5e55d8d633,https://al.linkedin.com/jobs/view/audit-consultant-at-acca-careers-4447506738,Audit Consultant,,scraped,2026-08-03T19:12:18.503342,
975ae44f31231c43,https://al.linkedin.com/jobs/view/gestionnaire-de-paie-h-f-at-l-usine-nouvelle-4445839356,Gestionnaire de paie (H/F),L'Usine Nouvelle,posted,2026-08-03T19:12:34.143210,37
3de3a2e113f85b28,https://al.linkedin.com/jobs/view/product-manager-field-application-4445884888,Product Manager/ Field Application,ELTA 90 MA,posted,2026-08-03T19:12:43.816226,753
6523faa0ff02c576,https://al.linkedin.com/jobs/view/lider-liderka-zmiany-at-dealz-poland-4445008702,Lider / Liderka zmiany,,scraped,2026-08-03T19:12:46.630185,
9d81c07c2ecf6823,https://al.linkedin.com/jobs/view/real-estate-agent-at-century-21-gold-albania-4445001066,Real Estate Agent,,scraped,2026-08-03T19:12:54.641738,
d1ec7c598a2069fc,https://al.linkedin.com/jobs/view/account-manager-at-royal-york-property-management-4445877180,Account Manager,,scraped,2026-08-03T19:13:01.595850,
689482839833b961,https://al.linkedin.com/jobs/view/contract-manager-at-7beds-group-4441582078,Contract Manager,,scraped,2026-08-03T19:13:12.853011,
6acc9be7b96454d1,https://al.linkedin.com/jobs/view/oferte-pune-operator-e-turizmi-at-topmarket-4448143988,Oferte pune Operator / e Turizmi,,scraped,2026-08-03T19:13:19.792112,
9f4e6790cff80279,https://al.linkedin.com/jobs/view/juriste-droit-des-affaires-h-f-at-l-usine-nouvelle-4445855105,Juriste Droit des Affaires H/F,L'Usine Nouvelle,posted,2026-08-03T19:13:33.681004,89
0b9976c747639dbe,https://al.linkedin.com/jobs/view/kerkohet-estetiste-at-topmarket-4448145465,Kerkohet Estetiste,,scraped,2026-08-03T19:13:38.666207,
a02ce926e906af45,https://al.linkedin.com/jobs/view/chef-de-mission-h-f-at-l-usine-nouvelle-4445846164,Chef de Mission (H/F),L'Usine Nouvelle,posted,2026-08-03T19:13:51.379671,43
6eea209793f67d6e,https://al.linkedin.com/jobs/view/assistant-comptable-h-f-at-l-usine-nouvelle-4445845123,Assistant Comptable (H/F),L'Usine Nouvelle,posted,2026-08-03T19:14:02.054541,33
8deb5eb6f57bd86f,https://al.linkedin.com/jobs/view/beats365%E5%94%AF%E4%B8%80%E5%AE%98%E7%BD%91%E6%8B%9B%E7%94%9F%E6%8C%87%E5%8D%97%E2%80%94%E2%80%94%E7%BB%8F%E7%90%86%E8%AF%B4%E4%B8%93%E4%B8%9A-at-xmediapop-inc-4445829061,beats365唯一官网招生指南——经理说专业,,scraped,2026-08-03T19:14:06.899522,
0950137732b2fa72,https://al.linkedin.com/jobs/view/inbound-sales-consultant-at-royal-york-property-management-4445883114,Inbound Sales Consultant,,scraped,2026-08-03T19:14:13.515601,
495f73ea092b9b11,https://al.linkedin.com/jobs/view/lider-liderka-zmiany-3-4-etatu-at-dealz-poland-4444122789,Lider / Liderka zmiany - 3/4 etatu,,scraped,2026-08-03T19:14:20.841127,
36a2b6a4f3b0ac22,https://al.linkedin.com/jobs/view/country-lead-retail-at-wolt-4428707893,"Country Lead, Retail",,scraped,2026-08-03T19:14:28.989526,
5ec39d78060a9072,https://al.linkedin.com/jobs/view/junior-ad-performance-manager-at-auto1-group-4447923271,Junior Ad Performance Manager,,scraped,2026-08-03T19:14:40.934224,
f9b332b9943baf30,https://al.linkedin.com/jobs/view/l2-l3-systems-engineer-msp-experience-required-at-osa-outsourcing-advantage-4446365546,L2/L3 Systems Engineer (MSP Experience Required),OSA Outsourcing Advantage,posted,2026-08-03T19:14:57.054655,755
8886ab35dc2aa8cd,https://al.linkedin.com/jobs/view/architect-at-klar-sh-p-k-4445897896,Architect,,scraped,2026-08-03T19:14:59.900135,
3b0fd17d4d32da37,https://al.linkedin.com/jobs/view/customer-care-support-at-flutter-entertainment-4448205254,Customer Care Support,Flutter Entertainment,posted,2026-08-03T19:15:18.295035,757
9faa3a6b5e4f72b9,https://al.linkedin.com/jobs/view/customer-support-agents-at-talent-factory-albania-4440990180,Customer Support Agents,,scraped,2026-08-03T19:15:23.082452,
46fea4a8a618691b,https://al.linkedin.com/jobs/view/specialist-per-mirembajtjen-e-mjeteve-tirane-at-topmarket-4448153222,Specialist per mirembajtjen e mjeteve Tirane,,scraped,2026-08-03T19:15:30.775526,
9c75c0877386dab2,https://al.linkedin.com/jobs/view/cath-lab-tech-prn-at-novamed-4448126701,Cath Lab Tech PRN,Novamed,posted,2026-08-03T19:15:45.738974,759
4687368ff7120ba6,https://al.linkedin.com/jobs/view/lider-liderka-zmiany-1-2-etatu-at-dealz-poland-4446219451,Lider / Liderka zmiany (1/2 etatu),,scraped,2026-08-03T19:15:48.628091,
698f9467dceee833,https://al.linkedin.com/jobs/view/jurist-e-durres-pespa-alumin-at-asel-albania-4445501278,Jurist/e Durres (Pespa Alumin),ASEL Albania,posted,2026-08-03T19:16:15.388926,693
e1971b6f7ae85f40,https://al.linkedin.com/jobs/view/infirmier-%C3%A8re-en-pratique-avanc%C3%A9e-h-f-at-groupe-hospitalier-artois-ternois-4446152671,Infirmier/ère en Pratique Avancée H/F,,scraped,2026-08-03T19:16:20.212428,
8e4d34ad6a1d3cad,https://al.linkedin.com/jobs/view/commissioning-engineer-at-manpower-kosovo-4447061786,Commissioning Engineer,Manpower Kosovo,posted,2026-08-03T19:16:40.888916,761
490dd650da2fdaa6,https://al.linkedin.com/jobs/view/gi-registered-nurse-prn-at-novamed-4448139433,GI Registered Nurse PRN,Novamed,posted,2026-08-03T19:16:51.234745,763
83918af83a8bff11,https://al.linkedin.com/jobs/view/publisher-account-manager-at-prorecruit-al-4446210789,Publisher Account Manager,ProRecruit.al,posted,2026-08-03T19:17:15.343824,765
d161f34a0548cc23,https://al.linkedin.com/jobs/view/back-office-quality-analyst-%E2%80%93-solar-energy-entry-level-f-m-x-at-enpal-4448146180,Back Office Quality Analyst – Solar Energy (Entry Level)(f/m/x),,scraped,2026-08-03T19:17:18.339220,
06da1176e6fb816c,https://al.linkedin.com/jobs/view/praca-dodatkowa-w-sklepie-dealz-at-dealz-poland-4446213591,Praca dodatkowa w Sklepie Dealz,,scraped,2026-08-03T19:17:25.411801,
146d91210037cf87,https://al.linkedin.com/jobs/view/infermier-at-diaverum-4252816430,Infermier,Diaverum,posted,2026-08-03T19:17:45.805046,393
82699c0e2f580d58,https://al.linkedin.com/jobs/view/commission-analyst-vois-italian-language-at-vois-4445099731,Commission Analyst - VOIS (Italian Language),,scraped,2026-08-03T19:17:48.617618,
8ce217663d836dd6,https://al.linkedin.com/jobs/view/customer-service-agents-in-german-at-concentrix-4445034293,Customer Service Agents in German,Concentrix,posted,2026-08-03T19:18:08.729803,767
0245d61d53a9dc72,https://al.linkedin.com/jobs/view/expert-comptable-m%C3%A9morialiste-h-f-at-l-usine-nouvelle-4445841232,Expert-Comptable Mémorialiste (H/F),L'Usine Nouvelle,posted,2026-08-03T19:18:26.789503,769
78ec6a10bb7881fd,https://al.linkedin.com/jobs/view/backend-developer-at-quotidiano-sanit%C3%A0-club-4446570296,Backend Developer,,scraped,2026-08-03T19:18:31.554631,
53dbec1262cc5751,https://al.linkedin.com/jobs/view/generative-ai-pipeline-engineer-tech-lead-at-capslock-4446834007,Generative AI Pipeline Engineer (Tech Lead),,scraped,2026-08-03T19:18:43.491678,
97d43904f001c6a7,https://al.linkedin.com/jobs/view/advisor-i-customer-service-in-french-and-english-at-concentrix-4446038959,"Advisor I, Customer Service in French and English",Concentrix,posted,2026-08-03T19:19:00.215154,771
e7fc8c5e96cb2240,https://al.linkedin.com/jobs/view/gruppo-di-lavoro-per-la-gestione-e-manutenzione-dell%E2%80%99authority-file-di-sbn-nomi-2020-at-biblioteca-di-italia-nostra-centro-di-documentazione-%E2%80%9Cmaria-antonelli-carandini%E2%80%9D-4448016281,Gruppo di lavoro per la Gestione e manutenzione dell’Authority File di SBN. Nomi (2020),Biblioteca di Italia Nostra - Centro di documentazione “Maria Antonelli Carandini”,posted,2026-08-05T19:06:22.583402,773
be2070d8ba957203,https://al.linkedin.com/jobs/view/architect-at-h2h-solutions-4447719893,Architect,,scraped,2026-08-05T19:06:29.233353,
c7090d1aa048aa36,https://al.linkedin.com/jobs/view/hiking-guide-in-albania-kosovo-and-montenegro-at-zbulo%21-discover-albania-4447373138,"Hiking Guide in Albania, Kosovo and Montenegro",,scraped,2026-08-05T19:06:35.888600,
3daca2607b5e444b,https://al.linkedin.com/jobs/view/%E6%8A%80%E6%9C%AF%E6%94%AF%E6%8C%81%EF%BC%88%E5%AE%A2%E6%9C%8D%EF%BC%89-at-lestars-management-consultancy-llc-4448509863,技术支持（客服）,,scraped,2026-08-05T19:06:46.558591,
fd19c014b477d638,https://al.linkedin.com/jobs/view/puglia-prima-regione-del-sud-per-numero-di-imprenditori-albanesi-at-vivipuglia-4447384874,Puglia Prima Regione Del Sud Per Numero Di Imprenditori Albanesi,ViviPuglia,posted,2026-08-05T19:07:00.420302,775
09adbc48c188482f,https://al.linkedin.com/jobs/view/university-of-alabama-at-birmingham-at-mynursingschools-4449647221,University of Alabama at Birmingham,MyNursingSchools,posted,2026-08-05T19:07:09.166097,777
3d4fef22764a947f,https://al.linkedin.com/jobs/view/end-of-studies-internship-%E2%80%94-full-stack-developer-tirana-albania-at-jobego-4449105153,"End-of-Studies Internship — Full-Stack Developer, Tirana (Albania)",,scraped,2026-08-05T19:07:11.816174,
c1650fb1f81e7bfe,https://al.linkedin.com/jobs/view/data-scientist-at-idealdevs-4446850820,Data Scientist,,scraped,2026-08-05T19:07:18.068462,
15cddce8a3282e03,https://al.linkedin.com/jobs/view/entretien-avec-nos-parlementaires-claudine-lepage-at-objectif-qatar-4449648577,Entretien avec nos parlementaires | Claudine Lepage,Objectif Qatar,posted,2026-08-05T19:07:31.810136,779
6f5e3df5a187c6a9,https://al.linkedin.com/jobs/view/junior-back-office-purchase-orders-at-auto1-group-4449103127,Junior Back Office Purchase Orders,,scraped,2026-08-05T19:07:34.462850,
424e85a482119d92,https://al.linkedin.com/jobs/view/devops-specialist-at-communication-progress-4446209949,DevOps Specialist,Communication Progress,posted,2026-08-05T19:07:51.674184,781
8fba2bab45035cce,https://al.linkedin.com/jobs/view/specjalista-nr-ref-k60w10d07-20-10-2021-at-katedra-obr%C3%B3bki-plastycznej-spawalnictwa-i-metrologii-4447360318,Specjalista - Nr ref.: K60W10D07-20/10/2021,"Katedra Obróbki Plastycznej, Spawalnictwa i Metrologii",posted,2026-08-05T19:08:00.715506,783
cdd56efad6c822ac,https://al.linkedin.com/jobs/view/planning-governance-specialist-at-flutter-international-4448219982,Planning & Governance Specialist,,scraped,2026-08-05T19:08:03.383836,
576670dade68b2e5,https://al.linkedin.com/jobs/view/planning-governance-specialist-at-flutter-entertainment-4447995954,Planning & Governance Specialist,Flutter Entertainment,posted,2026-08-05T19:08:16.627538,785
47b3867077926fc3,https://al.linkedin.com/jobs/view/agjente-turizmi-at-nob-4445087796,AGJENTE TURIZMI,,scraped,2026-08-05T19:08:21.269495,
23b6633addb966c7,https://al.linkedin.com/jobs/view/tax-accountant-at-lmc-tirana-4448017177,Tax Accountant,,scraped,2026-08-05T19:08:28.511360,
0972522336b1e2ac,https://al.linkedin.com/jobs/view/f-b-service-expert-at-marriott-international-4448572964,F&B Service Expert,Marriott International,posted,2026-08-05T19:08:47.817601,787
b09824b3ef556985,https://al.linkedin.com/jobs/view/information-security-analyst-at-tirana-international-airport-4448899418,Information Security Analyst,,scraped,2026-08-05T19:08:54.420641,
b1a716d48353a0db,https://al.linkedin.com/jobs/view/table-game-director-at-barri%C3%A8re-4441989606,Table Game Director,,scraped,2026-08-05T19:09:05.317665,
1f85240fd131f679,https://al.linkedin.com/jobs/view/devops-engineer-at-star7-4446211224,DevOps Engineer,,scraped,2026-08-05T19:09:12.527455,
58df95fd1eb0a06c,https://al.linkedin.com/jobs/view/sales-marketing-support-coordinator-at-cloudiqs-4449632667,Sales & Marketing Support Coordinator,,scraped,2026-08-05T19:09:19.967228,
120f9aa7106549b3,https://al.linkedin.com/jobs/view/financier-e-at-rekrutime-agikons-4448193752,Financier/e,Rekrutime Agikons,posted,2026-08-05T19:09:37.374369,789
c8a4c1d8dbe195b7,https://al.linkedin.com/jobs/view/luna-has-gone-apk-at-apkdirectory-4449469169,Luna Has Gone APK,ApkDirectory,posted,2026-08-05T19:09:46.316619,791
4e789a69d141ee5b,https://al.linkedin.com/jobs/view/recruitment-operations-analyst-at-deloitte-4448048341,Recruitment Operations Analyst,Deloitte,posted,2026-08-05T19:09:55.158975,793
1fb10e0bc41bc237,https://al.linkedin.com/jobs/view/business-intelligence-specialist-supply-chain-at-sicpa-4448855160,Business Intelligence Specialist - Supply Chain,,scraped,2026-08-05T19:09:57.822881,
0d6e8600d531c551,https://al.linkedin.com/jobs/view/junior-marketing-specialist-at-bulls-vision-group-4419233359,Junior Marketing Specialist,,scraped,2026-08-05T19:10:04.870657,
57560bae2e71bb3e,https://al.linkedin.com/jobs/view/banking-customer-service-advisor-at-intesa-sanpaolo-bank-albania-4448171708,Banking Customer Service Advisor,,scraped,2026-08-05T19:10:11.193850,
21342b81b5583e90,https://al.linkedin.com/jobs/view/lider-liderka-zmiany-3-4-etatu-at-dealz-poland-4448015807,Lider / Liderka zmiany (3/4 etatu),,scraped,2026-08-05T19:10:19.983470,
8662392b160586fc,https://al.linkedin.com/jobs/view/lider-liderka-zmiany-1-2-etatu-at-dealz-poland-4446228368,Lider / Liderka zmiany (1/2 etatu),,scraped,2026-08-05T19:10:27.993306,
b28b395fb2d8ca13,https://al.linkedin.com/jobs/view/jukebus-at-spullenmannen-4449689767,Jukebus,Spullenmannen,posted,2026-08-05T19:10:41.722647,795
b262e1ae5d32bb3f,https://al.linkedin.com/jobs/view/quality-control-inspector-freelance-at-brandart-4429042732,Quality Control Inspector Freelance,,scraped,2026-08-05T19:10:44.336430,
31510bb75c3dc022,https://al.linkedin.com/jobs/view/social-media-marketing-manager-at-digital-marketing-innovation-4447382851,Social Media Marketing Manager,,scraped,2026-08-05T19:10:52.480379,
eb4521f0733f912b,https://al.linkedin.com/jobs/view/audit-assurance-intern-at-acca-careers-4448861300,Audit & Assurance Intern,,scraped,2026-08-05T19:10:59.487907,
e074f67f46fa289c,https://al.linkedin.com/jobs/view/marketing-informues-b2b-italisht-at-hitweb-it-4445500812,Marketing informues B2B-Italisht,Hitweb.it,posted,2026-08-05T19:11:15.213172,53
c8ddf04d1e5a1f86,https://al.linkedin.com/jobs/view/cabin-8-at-woodland-beach-resort-4448949115,Cabin 8,Woodland Beach Resort,posted,2026-08-05T19:11:25.001783,797
f99b16e193a3cdff,https://al.linkedin.com/jobs/view/cyber-security-engineer-at-arpya-4448002079,Cyber Security Engineer,,scraped,2026-08-05T19:11:27.692195,
52684919adc985ef,https://al.linkedin.com/jobs/view/audit-support-analyst-italian-project-at-acca-careers-4447299805,Audit Support Analyst (Italian Project),,scraped,2026-08-05T19:11:34.369006,
a3fd13ee94143122,https://al.linkedin.com/jobs/view/senior-end-users-and-strategic-customers-field-sales-representative-at-schneider-electric-4447173212,Senior End Users and Strategic Customers Field Sales Representative,Schneider Electric,posted,2026-08-05T19:11:51.007320,799
9e6982f769910802,https://al.linkedin.com/jobs/view/cycle-of-good-at-krizevac-project-4449129393,Cycle Of Good,,scraped,2026-08-05T19:11:59.586302,
4b2c4e4667529e3b,https://al.linkedin.com/jobs/view/head-of-content-operations-marketing-distribution-at-expandmyfans-4446626884,"Head of Content Operations, Marketing & Distribution",,scraped,2026-08-05T19:12:09.201201,
ac442f5e65bfa440,https://al.linkedin.com/jobs/view/cdi-conducteur-porte-engin-spl-h-f-at-groupe-coquelle-4446962646,CDI - conducteur porte-engin SPL (H/F),,scraped,2026-08-05T19:12:17.891512,
b5c2c64b4f5d3a89,https://al.linkedin.com/jobs/view/senior-data-analyst-at-onthegosystems-4449003539,Senior Data Analyst,,scraped,2026-08-05T19:12:30.463527,
faa26a28569a7a59,https://al.linkedin.com/jobs/view/tuy%E1%BB%83n-d%E1%BB%A5ng-l%E1%BA%ADp-tr%C3%ACnh-dot-net-%C4%91%E1%BB%A3t-i-2022-fresher-junior-at-izisolution-4445051516,Tuyển dụng Lập trình Dot Net đợt I/2022(Fresher/Junior),,scraped,2026-08-05T19:17:29.497968,
e48bfe06442d1655,https://al.linkedin.com/jobs/view/platform-software-architect-at-lorena-gjeta-4446637099,Platform Software Architect,Lorena Gjeta,posted,2026-08-05T19:17:48.028389,801
52e39ddb99c635cc,https://al.linkedin.com/jobs/view/senior-project-manager-banking-at-techbiz-global-4449619736,Senior Project Manager(Banking),,scraped,2026-08-05T19:17:50.643284,
8e654e05b7183573,https://al.linkedin.com/jobs/view/e-674738-salesforce-consultant-at-ikons-italia-4447916176,E/ 674738_SALESFORCE CONSULTANT,,scraped,2026-08-05T19:18:02.065232,
64e2475d83f685c5,https://al.linkedin.com/jobs/view/soft-skills-des-comportements-%C3%A0-d%C3%A9velopper-dans-le-monde-du-travail-at-ong-studio-sifaka-4448963898,Soft skills : Des comportements à développer dans le monde du travail,,scraped,2026-08-05T19:18:10.084377,
04f9e7327ed763ad,https://al.linkedin.com/jobs/view/kerkohet-usta-marangoz-montator-at-topmarket-4448150326,Kerkohet Usta Marangoz - Montator,,scraped,2026-08-05T19:18:16.664040,
d83f0d5c463f2631,https://al.linkedin.com/jobs/view/gi%E1%BA%A3i-ph%C3%A1p-qu%E1%BA%A3n-l%C3%BD-v%E1%BA%ADn-h%C3%A0nh-nh%C3%A0-m%C3%A1y-at-q-systems-aveva-vietnam-distributor-4448932894,GIẢI PHÁP QUẢN LÝ VẬN HÀNH NHÀ MÁY,,scraped,2026-08-05T19:18:23.253163,
9f6791d0b3364b65,https://al.linkedin.com/jobs/view/%E6%8B%9B%E8%81%98%E4%B8%93%E5%91%98-at-lestars-management-consultancy-llc-4448519834,招聘专员,,scraped,2026-08-05T19:18:31.145370,
9f27cbf6440fc8d7,https://al.linkedin.com/jobs/view/ketrika-sy-kandra-les-normes-iso-at-ong-studio-sifaka-4448974795,Ketrika sy Kandra : Les normes ISO,,scraped,2026-08-05T19:18:37.620916,
d0acccdb5b91f122,https://al.linkedin.com/jobs/view/c%E1%BA%A7n-t%C4%83ng-t%E1%BB%91c-chuy%E1%BB%83n-%C4%91%E1%BB%95i-s%E1%BB%91-trong-khai-th%C3%A1c-kho%C3%A1ng-s%E1%BA%A3n-v%C3%A0-kim-lo%E1%BA%A1i%21-at-q-systems-aveva-vietnam-distributor-4448944627,"CẦN TĂNG TỐC CHUYỂN ĐỔI SỐ TRONG KHAI THÁC, KHOÁNG SẢN VÀ KIM LOẠI!",,scraped,2026-08-05T19:18:44.044281,
e26fc4ced770b048,https://al.linkedin.com/jobs/view/ketrika-sy-kandra-hayat-madagascar-at-ong-studio-sifaka-4448962904,Ketrika sy Kandra : Hayat Madagascar,,scraped,2026-08-05T19:18:51.127161,
47865a475aa5a0a1,https://al.linkedin.com/jobs/view/tirane-ofroj-vend-pune-financiere-at-topmarket-4448164069,"Tirane, ofroj vend pune Financiere",,scraped,2026-08-05T19:18:57.477273,
aee550afdcac11af,https://al.linkedin.com/jobs/view/comment-s%E2%80%99organisent-les-grossistes-de-fruits-de-mer-s%C3%A9ch%C3%A9s-%3F-at-ong-studio-sifaka-4446601614,Comment s’organisent les grossistes de fruits de mer séchés ?,,scraped,2026-08-05T19:19:04.442207,
da38c834f9448254,https://al.linkedin.com/jobs/view/kerkojme-pjatalarse-pastruse-peshku-at-topmarket-4448156193,Kerkojme pjatalarse & pastruse peshku,,scraped,2026-08-05T19:19:10.771925,
4ee1697603709be1,https://al.linkedin.com/jobs/view/goofy-mokhless-on-your-mark-at-dum-dum-diga-diga-4449135347,Goofy Mokhless On Your Mark,,scraped,2026-08-05T19:19:17.139511,
856df0a2374b9d96,https://al.linkedin.com/jobs/view/uptet-2017-online-correction-form-at-sarkarimap-4449143722,UPTET 2017 Online Correction Form,Sarkarimap,posted,2026-08-05T19:19:30.501636,803
9aa1c05867338c76,https://al.linkedin.com/jobs/view/veterinario-a-2-findes-mes-%E2%80%93-1-300%E2%82%AC-%2B-alojamiento-at-colegio-oficial-de-veterinarios-de-toledo-4449498189,Veterinario/a 2 findes/mes – 1.300€ + alojamiento,,scraped,2026-08-05T19:19:33.217464,
c8149483127b3848,https://al.linkedin.com/jobs/view/ntpc-combined-diploma-trainee-online-form-2017-at-sarkarimap-4449146723,NTPC Combined Diploma Trainee Online Form 2017,Sarkarimap,posted,2026-08-05T19:19:47.308524,805
c04b2873205aee79,https://al.linkedin.com/jobs/view/production-quality-associate-manager-at-flutter-international-4448516703,Production Quality Associate Manager,,scraped,2026-08-05T19:19:49.923589,
cafc407310a8fc72,https://al.linkedin.com/jobs/view/account-manager-at-royal-york-property-management-4445863420,Account Manager,,scraped,2026-08-05T19:19:58.889814,
04fbba861b8b2d49,https://al.linkedin.com/jobs/view/uppsc-direct-recruitment-lecturer-online-form-2017-at-sarkarimap-4449155304,UPPSC Direct Recruitment Lecturer Online Form 2017,Sarkarimap,posted,2026-08-05T19:20:13.260615,807
a439619d627b0ce7,https://al.linkedin.com/jobs/view/menaxher-e-marketi-%E2%80%93-prishtin%C3%AB-at-pronatyramd-4446299950,Menaxher/e Marketi – Prishtinë,,scraped,2026-08-05T19:20:19.894824,
d6a5575be62b7bf2,https://al.linkedin.com/jobs/view/kerkojme-jurist-e-at-abissnet-4447386312,Kerkojme Jurist/e,,scraped,2026-08-05T19:20:26.646659,
41bd0d9186ff52d3,https://al.linkedin.com/jobs/view/chargeback-dispute-specialist-100%25-remote-a-players-only-at-backbone-customer-service-4449659103,Chargeback & Dispute Specialist | 100% remote | A-players only,,scraped,2026-08-05T19:20:33.945415,
2ea0e8428e06f1ef,https://al.linkedin.com/jobs/view/gruppo-di-lavoro-tecnico-per-la-traduzione-degli-aggiornamenti-dell-isbd-international-standard-bibliographic-description-2021-update-to-the-2011-consolidated-edition-at-biblioteca-di-italia-nostra-centro-di-documentazione-%E2%80%9Cmaria-antonelli-carandini%E2%80%9D-4448026275,Gruppo di lavoro tecnico per la traduzione degli aggiornamenti dell'ISBD International Standard Bibliographic Description 2021. Update to the 2011 Consolidated Edition,Biblioteca di Italia Nostra - Centro di documentazione “Maria Antonelli Carandini”,posted,2026-08-05T19:20:48.691674,809
79522d3defa9a74d,https://al.linkedin.com/jobs/view/%E2%80%9Edie-neue-hei%C3%9Fzeit-%E2%80%9Esurviving-hothouse-earth-at-sun-mountain-way-production-gmbh-4449632295,"„Die neue Heißzeit"" / „Surviving Hothouse Earth""",,scraped,2026-08-05T19:20:51.277723,
69b335136076ebae,https://al.linkedin.com/jobs/view/epa-ltd-has-an-immediate-vacancy-for-a-contracts-manager-at-environmental-process-automation-ltd-4449438312,EPA Ltd has an immediate vacancy for a Contracts Manager,,scraped,2026-08-05T19:20:57.396841,
5cc3d4ed891e3fd8,https://al.linkedin.com/jobs/view/apartament-2%2B1%2B2%2B-depo-n%C3%AB-don-bosko-tiran%C3%AB-at-bella-vista-real-estate-4447395430,"APARTAMENT 2+1+2+ DEPO NË DON BOSKO, TIRANË",Bella Vista Real Estate,posted,2026-08-05T19:21:10.889199,811
f04c35099147446b,https://al.linkedin.com/jobs/view/financiere-senior-at-dekoll-albania-4447375136,FINANCIERE SENIOR,Dekoll Albania,posted,2026-08-05T19:21:42.071237,813
77182b28dcd3772d,https://al.linkedin.com/jobs/view/h%E1%BB%99i-th%E1%BA%A3o-s%E1%BA%A3n-xu%E1%BA%A5t-th%C3%B4ng-minh-2019-at-q-systems-aveva-vietnam-distributor-4448933794,HỘI THẢO SẢN XUẤT THÔNG MINH 2019,,scraped,2026-08-05T19:21:44.668095,
ecd1342b8c606ed6,https://al.linkedin.com/jobs/view/albanien-bubq-tirana-caritas-at-internationale-freiwilligeneins%C3%A4tze-4449026972,"Albanien, Bubq, Tirana, Caritas",,scraped,2026-08-05T19:21:51.798505,
3bb412c071568d62,https://al.linkedin.com/jobs/view/bajs-postgraduate-representative-2019-20-call-for-applications-at-british-and-irish-association-for-jewish-studies-4447372216,BAJS Postgraduate Representative 2019/20: Call for Applications,British and Irish Association for Jewish Studies,posted,2026-08-05T19:22:05.903047,815
754ee2e09524d33b,https://al.linkedin.com/jobs/view/ccf26-an-18th-edition-that-has-everyone-dreaming%21-at-colnago-cycling-festival-4449490192,CCF26: AN 18TH EDITION THAT HAS EVERYONE DREAMING!,,scraped,2026-08-05T19:22:08.390921,
5e31a3ad3bfd2335,https://al.linkedin.com/jobs/view/ksk-l-entrepreneuriat-social-at-ong-studio-sifaka-4448971827,KSK : L'Entrepreneuriat Social,,scraped,2026-08-05T19:22:15.606576,
b3e5dfb0181d8806,https://al.linkedin.com/jobs/view/mid-senior-react-native-engineer-at-effycient-4449467782,Mid/Senior React Native Engineer,Effycient,posted,2026-08-05T19:22:30.711506,817
b5a3a8165ffd277f,https://al.linkedin.com/jobs/view/senior-pastor-at-alabama-baptist-state-board-of-missions-4446684789,SENIOR PASTOR,Alabama Baptist State Board of Missions,posted,2026-08-05T19:22:39.255114,819
1a899f8d751b498a,https://al.linkedin.com/jobs/view/albanien-eden-tirana-at-internationale-freiwilligeneins%C3%A4tze-4449042301,"Albanien, Eden, Tirana",,scraped,2026-08-05T19:22:45.894186,
78063458d33ab5b9,https://al.linkedin.com/jobs/view/senior-national-expert-on-administrative-investigations-and-anti-corruption-reporting-at-osce-4446647898,Senior National Expert on Administrative Investigations and Anti-Corruption Reporting,OSCE,posted,2026-08-05T19:23:12.037076,821
add66d877d67d893,https://al.linkedin.com/jobs/view/la-campagne-de-collecte-de-girofle-cr%C3%A9e-des-emplois-saisonniers-pour-les-jeunes-at-ong-studio-sifaka-4446296774,La campagne de collecte de girofle crée des emplois saisonniers pour les jeunes,,scraped,2026-08-05T19:23:16.633583,
0b1a42d019779190,https://al.linkedin.com/jobs/view/dvm-student-externship-alabama-at-western-veterinary-partners-4449633211,DVM Student Externship - Alabama,Western Veterinary Partners,posted,2026-08-05T19:23:30.108304,823
0d15a96a6aaaf5d7,https://al.linkedin.com/jobs/view/praca-dodatkowa-w-sklepie-dealz-at-dealz-poland-4446645858,Praca dodatkowa w Sklepie Dealz,,scraped,2026-08-05T19:23:32.670900,
008edf5967f99108,https://al.linkedin.com/jobs/view/praca-dodatkowa-w-sklepie-dealz-at-dealz-poland-4446215474,Praca dodatkowa w Sklepie Dealz,,scraped,2026-08-05T19:23:40.166694,
9b33a40d8bc9a76c,https://al.linkedin.com/jobs/view/praca-dodatkowa-w-sklepie-dealz-at-dealz-poland-4446655565,Praca dodatkowa w Sklepie Dealz,,scraped,2026-08-05T19:23:49.051023,
88a23679185887e3,https://al.linkedin.com/jobs/view/field-service-professional-albany-ny-at-nrg-energy-4448056727,"Field Service Professional - Albany, NY",NRG Energy,posted,2026-08-07T14:42:43.006047,825
0184db770e05a8d2,https://al.linkedin.com/jobs/view/dispatch-coordinator-at-cs-outsource-4447153299,Dispatch Coordinator,CS Outsource,posted,2026-08-07T14:42:49.904994,725
f0a6edc4343a2d07,https://al.linkedin.com/jobs/view/facility-specialist-durr%C3%ABs-at-concentrix-4447300544,Facility Specialist - Durrës,Concentrix,posted,2026-08-07T14:43:01.269637,827
0bccc0e1a6aef2e7,https://al.linkedin.com/jobs/view/%E8%BF%90%E8%90%A5%E6%80%BB%E7%9B%91-at-lestars-management-consultancy-llc-4448507794,运营总监,,scraped,2026-08-07T14:43:03.931469,
08284e63c1c04b3b,https://al.linkedin.com/jobs/view/%E4%BA%A7%E5%93%81%E8%BF%90%E8%90%A5%E7%BB%8F%E7%90%86-at-lestars-management-consultancy-llc-4448522879,产品运营经理,,scraped,2026-08-07T14:43:10.570489,
d1b1e0fdd3c9a1a7,https://al.linkedin.com/jobs/view/logistic-specialist-at-titan-albania-4437983943,Logistic Specialist,,scraped,2026-08-07T14:43:19.137279,
085ee18676edf6ae,https://al.linkedin.com/jobs/view/real-estate-agent-at-century-21-west-4446326881,Real Estate Agent,,scraped,2026-08-07T14:43:29.862935,
dace6ecbc3a15d72,https://al.linkedin.com/jobs/view/engagement-at-heidelberg-prominent-fluid-controls-india-4450314995,Engagement,Heidelberg ProMinent Fluid Controls India,posted,2026-08-07T14:43:46.268726,829
006e2ed806f988d9,https://al.linkedin.com/jobs/view/document-integrity-specialist-at-revalbania-4449314529,Document Integrity Specialist,RevAlbania,posted,2026-08-07T14:43:59.343282,831
88c414de1dfa5bc6,https://al.linkedin.com/jobs/view/business-office-manager-at-novamed-4449997739,Business Office Manager,Novamed,posted,2026-08-07T14:44:12.890296,833
cb4bd574d11d071a,https://al.linkedin.com/jobs/view/system-administrator-at-easypay-4450693864,System Administrator,,scraped,2026-08-07T14:44:17.503358,
e7861d0f3b3d26d8,https://al.linkedin.com/jobs/view/engagement-at-prominent-new-zealand-4450335377,Engagement,ProMinent New Zealand,posted,2026-08-07T14:44:27.557724,829
5c8e334867d76084,https://al.linkedin.com/jobs/view/audit-staff-senior-at-lmc-tirana-4448028105,Audit Staff/Senior,,scraped,2026-08-07T14:44:30.162134,
b359762e5c113e15,https://al.linkedin.com/jobs/view/lead-generation-director-at-infotelecom-4448087675,Lead Generation Director,INFOTelecom,posted,2026-08-07T14:44:45.255786,739
3d20610c07eae237,https://al.linkedin.com/jobs/view/customer-service-representative-full-time-at-wolt-4447675755,Customer Service Representative (full-time),,scraped,2026-08-07T14:44:47.935804,
3bd9eb46a03f6d39,https://al.linkedin.com/jobs/view/responsable-maintenance-h-f-at-groupe-hospitalier-artois-ternois-4447325104,Responsable Maintenance H/F,,scraped,2026-08-07T14:44:55.251678,
e87c9b93f5aa262c,https://al.linkedin.com/jobs/view/ibode-h-f-at-groupe-hospitalier-artois-ternois-4447327050,IBODE H/F,,scraped,2026-08-07T14:45:06.860143,
5f904523064b0271,https://al.linkedin.com/jobs/view/agjent-rezervimi-incoming-at-vas-group-4450263786,Agjent Rezervimi- Incoming,,scraped,2026-08-07T14:45:17.242085,
976bb406a31d90d8,https://al.linkedin.com/jobs/view/contabile-at-vision-consulting-sh-p-k-4448779003,Contabile,,scraped,2026-08-07T14:45:30.322215,
b29716fe32454345,https://al.linkedin.com/jobs/view/web-journalist-at-shekulli-online-4448087712,Web Journalist,,scraped,2026-08-07T14:45:42.761059,
2da5c022b7e8401e,https://al.linkedin.com/jobs/view/general-manager-4446621568,General Manager,claudio shpk,posted,2026-08-07T14:45:55.281330,835
8d9df0dd7e15e7ed,https://al.linkedin.com/jobs/view/brand-manager-asus-at-it-distribution-albania-muk-group-4448429602,Brand Manager (ASUS),IT Distribution Albania - MUK Group,posted,2026-08-07T14:46:05.212803,837
28d256ddeef72459,https://al.linkedin.com/jobs/view/specialisti-e-n%C3%AB-divizionin-e-administrimit-te-kredise-at-hr-studio-by-benilda-simaku-4450095576,Specialisti/e në Divizionin e Administrimit te Kredise,HR Studio by Benilda Simaku,posted,2026-08-07T14:46:14.638117,839
6ba64c62affce5d0,https://al.linkedin.com/jobs/view/ndihmes-kuzhiniere-at-tirana-ring-center-msa-konstruksion-4446612836,Ndihmes Kuzhiniere,Tirana Ring Center | MSA Konstruksion,posted,2026-08-07T14:46:24.243771,841
4985fd312a230d8f,https://al.linkedin.com/jobs/view/physical-therapist-at-krucial-rapid-response-4448074309,Physical Therapist,Krucial Rapid Response,posted,2026-08-07T14:46:32.240225,843
1e1972286694b128,https://al.linkedin.com/jobs/view/senior-mail-engineer-at-sd-worx-4448496514,Senior Mail Engineer,,scraped,2026-08-07T14:46:34.915035,
a672993ebc5bd2e3,https://al.linkedin.com/jobs/view/digital-transformation-come-cambia-il-lavoro-con-la-rivoluzione-dei-bot-at-cybersecurity360-nextwork360-4448707606,Digital transformation: come cambia il lavoro con la rivoluzione dei Bot,,scraped,2026-08-07T14:46:41.856306,
ac5ec94129482d01,https://al.linkedin.com/jobs/view/certified-surgical-tech-ft-at-novamed-4448137484,Certified Surgical Tech FT,Novamed,posted,2026-08-07T14:46:51.247058,361
cad7be7d7b543586,https://al.linkedin.com/jobs/view/ambient-tregtar-%E2%80%93-lungomare-vlor%C3%AB-at-bella-vista-real-estate-4447396411,"AMBIENT TREGTAR – LUNGOMARE, VLORË",Bella Vista Real Estate,posted,2026-08-07T14:47:00.932539,845
bf975710a68ef74a,https://al.linkedin.com/jobs/view/commis-chef-at-green-coast-hotel-mgallery-collection-4450290244,Commis Chef,Green Coast Hotel - MGallery Collection,posted,2026-08-07T14:47:13.285994,847
5aded52efbd90417,https://al.linkedin.com/jobs/view/tusen-personer-s%C3%B6kte-jobb-p%C3%A5-bengans-at-nytthub-4449732826,Tusen personer sökte jobb på Bengans,NyttHub,posted,2026-08-07T14:47:23.627996,849
a225adae84e5c347,https://al.linkedin.com/jobs/view/marketing-design-team-lead-at-capslock-4448892970,Marketing Design Team Lead,,scraped,2026-08-07T14:47:26.218392,
71c60482f4365c16,https://al.linkedin.com/jobs/view/architect-at-brunes-group-4448402086,Architect,,scraped,2026-08-07T14:47:38.433222,
ddb255db7b609573,https://al.linkedin.com/jobs/view/support-team-lead-italian-speaking-at-wolt-4438937769,Support Team Lead (Italian speaking),,scraped,2026-08-07T14:47:46.075233,
2cbc23ac6bb9d75c,https://al.linkedin.com/jobs/view/senior-ai-agent-developer-at-adsolution-4448354485,Senior AI Agent Developer,,scraped,2026-08-07T14:47:55.341694,
23acaedc19efc7b5,https://al.linkedin.com/jobs/view/field-service-quality-engineer-at-manpower-kosovo-4449487614,Field Service Quality Engineer,Manpower Kosovo,posted,2026-08-07T14:48:08.999621,851
5ac646a2b59e408d,https://al.linkedin.com/jobs/view/inxhinier-e-nd%C3%ABrtimi-zyr%C3%AB-at-texas-development-4448013876,INXHINIER/E NDËRTIMI (ZYRË),,scraped,2026-08-07T14:48:13.614467,
1c78493f5de8c12e,https://al.linkedin.com/jobs/view/junior-accountant-asistent-kontabilist-at-s-e-laze-audit-4448783640,Junior Accountant / Asistent Kontabilist,S & E LAZE AUDIT,posted,2026-08-07T14:48:33.005804,713
60a3b9013476928d,https://al.linkedin.com/jobs/view/senior-full-stack-engineer-at-mwdn-4449748612,Senior Full Stack Engineer,MWDN,posted,2026-08-07T14:49:09.404620,853
a184291cc5563643,https://al.linkedin.com/jobs/view/inxhinier-mekanik-at-sela-cnc-sh-p-k-4448455193,Inxhinier Mekanik,,scraped,2026-08-07T14:49:11.991810,
1b8edb40ae48ee36,https://al.linkedin.com/jobs/view/bend-or-metro-distribution-driver-at-point-s-tire-and-auto-service-4448470396,"Bend, OR Metro - Distribution Driver",Point S Tire and Auto Service,posted,2026-08-07T14:49:33.192022,855
4854f2b754c2591c,https://al.linkedin.com/jobs/view/assistant-director-of-admissions-internal-employment-opportunity-at-oregon-state-university-4450612863,Assistant Director of Admissions (Internal Employment Opportunity),Oregon State University,posted,2026-08-07T14:49:42.782039,857
157b759fd19d7823,https://al.linkedin.com/jobs/view/gardening-by-the-moon-at-sanhedrin-nursery-4449984487,Gardening by the Moon,Sanhedrin Nursery,posted,2026-08-07T14:49:53.773587,859
9c8727a180803baf,https://al.linkedin.com/jobs/view/stuart-sanders-at-littleton-chambers-4448773088,Stuart Sanders,,scraped,2026-08-07T14:49:56.409392,
de63f5c4432e9a6d,https://al.linkedin.com/jobs/view/callum-rodgers-at-littleton-chambers-4448755768,Callum Rodgers,,scraped,2026-08-07T14:50:03.646435,
90306a53e466d811,https://al.linkedin.com/jobs/view/inbound-sales-consultant-at-royal-york-property-management-4445877189,Inbound Sales Consultant,,scraped,2026-08-07T14:50:10.289789,
41c6bf26bcae831c,https://al.linkedin.com/jobs/view/kierownik-kierowniczka-sklepu-dealz-at-dealz-poland-4446211579,Kierownik / Kierowniczka Sklepu Dealz,,scraped,2026-08-07T14:50:17.358569,
b8fe140e2b5662d5,https://al.linkedin.com/jobs/view/junior-pmo-coordinator-at-deloitte-4448424008,Junior PMO/Coordinator,Deloitte,posted,2026-08-07T14:50:34.434049,861
24315f764610fa3d,https://al.linkedin.com/jobs/view/kerkohen-lavazhier-me-eksperience-at-topmarket-4448145466,Kerkohen Lavazhier me eksperience,,scraped,2026-08-07T14:50:37.098287,
ddaeac4d703e6aae,https://al.linkedin.com/jobs/view/learning-development-junior-administrator-at-deloitte-4447394387,Learning & Development Junior Administrator,Deloitte,posted,2026-08-07T14:50:52.948741,863
9679ea712d2657f4,https://al.linkedin.com/jobs/view/senior-controlling-manager-at-auto1-group-4446649729,Senior Controlling Manager,,scraped,2026-08-07T14:50:55.644193,
9a837e8af01bfb49,https://al.linkedin.com/jobs/view/up-assembly-election-district-wise-dates-2017-at-sarkarimap-4449153578,UP Assembly Election District Wise Dates 2017,Sarkarimap,posted,2026-08-07T14:51:16.001630,865
e1dbe8d8bef0be80,https://al.linkedin.com/jobs/view/mekanik-mirembajtes-per-makineri-industriale-at-topmarket-4448151255,Mekanik mirembajtes per makineri industriale,,scraped,2026-08-07T14:51:26.754415,
7f4bb4a00f2372bc,https://al.linkedin.com/jobs/view/konsulent-shitjesh-telefonike-ne-tregun-e-shqiperise-dhe-kosoves-ne-sektorin-e-makinave-at-auto1-group-4448509341,Konsulent Shitjesh Telefonike ne tregun e Shqiperise dhe Kosoves ne sektorin e makinave,,scraped,2026-08-07T14:51:33.562007,
ad844e3439d53ce7,https://al.linkedin.com/jobs/view/google-cloud-platform-architect-remote-work-at-bairesdev-4447992829,Google Cloud Platform Architect - Remote Work,BairesDev,posted,2026-08-07T14:51:46.291548,867
44a19cb28d2322cd,https://al.linkedin.com/jobs/view/junior-travel-agent-french-speaking-at-bizaway-4430580600,Junior Travel Agent - French Speaking,,scraped,2026-08-07T14:51:48.815267,
14a692fcae31bc1e,https://al.linkedin.com/jobs/view/virtual-assistant-at-cs-outsource-4449312364,Virtual Assistant,CS Outsource,posted,2026-08-07T14:51:58.327155,29
1098d6f4be84fd98,https://al.linkedin.com/jobs/view/pgcil-trade-apprentice-erts-i-online-form-2020-at-sarkarimap-4449140559,PGCIL Trade Apprentice ERTS I Online Form 2020,Sarkarimap,posted,2026-08-07T14:52:08.386638,869
b593ce08b1f426c9,https://al.linkedin.com/jobs/view/assistant-director-of-work-integrated-learning-and-instructor-at-oregon-state-university-4448684077,Assistant Director of Work-Integrated Learning and Instructor,Oregon State University,posted,2026-08-07T14:52:20.384676,871
f14eaab8e4c0d2c3,https://al.linkedin.com/jobs/view/german-speaking-customer-care-helpdesk-specialist-at-acca19-4448469990,German Speaking Customer Care Helpdesk Specialist,,scraped,2026-08-07T14:52:23.080368,
f658714242c76814,https://al.linkedin.com/jobs/view/front-desk-customer-service-temporary-contract-6-months-at-tirana-bank-4449129400,Front Desk Customer Service - (Temporary Contract 6 months),Tirana Bank,posted,2026-08-07T14:52:38.618253,733
b881c0239d92b67b,https://al.linkedin.com/jobs/view/praca-dodatkowa-w-sklepie-dealz-at-dealz-poland-4449204096,Praca dodatkowa w Sklepie Dealz,,scraped,2026-08-07T14:52:41.214160,
2db02aa1fca0eaa6,https://al.linkedin.com/jobs/view/ndihmese-per-punet-e-shtepise-part-%E2%80%93-time-at-topmarket-4448148330,Ndihmese per punet e shtepise (Part – Time),,scraped,2026-08-07T14:52:49.493362,
54ce30c93974d961,https://al.linkedin.com/jobs/view/asistent-i-shitjes-30-or%C3%AB-teg-mall-at-h-m-4448869300,"Asistent i shitjes 30 orë , TEG MALL",H&M,posted,2026-08-07T14:53:08.020822,873
0400f547fd4aaf14,https://al.linkedin.com/jobs/view/edital-para-a-atribui%C3%A7%C3%A3o-de-bolsa-de-investiga%C3%A7%C3%A3o-bi-no-%C3%A2mbito-de-projetos-e-institui%C3%A7%C3%B5es-de-i-d-at-iscte-f%C3%B3rum-recrutamento-inclusivo-4445824116,EDITAL PARA A ATRIBUIÇÃO DE BOLSA DE INVESTIGAÇÃO (BI) NO ÂMBITO DE PROJETOS E INSTITUIÇÕES DE I&D,,scraped,2026-08-07T14:53:10.685265,
22a471e4ae728b41,https://al.linkedin.com/jobs/view/german-speaking-cx-specialist-work-permit-sponsored-at-telus-digital-4446218475,German-Speaking CX Specialist (Work Permit Sponsored),,scraped,2026-08-07T14:53:18.022099,
84fe1c30c6cc8e98,https://al.linkedin.com/jobs/view/senior-software-engineer-ai-interaction-evaluator-codex-claude-code-up-to-%24200-hr-at-g2i-inc-4447902520,"Senior Software Engineer - AI Interaction Evaluator (Codex / Claude Code, up to $200/hr)",G2i Inc.,posted,2026-08-07T14:53:31.074043,875
2e3c39c8abb8ea34,https://al.linkedin.com/jobs/view/registered-nurse-preop-pacu-ft-at-novamed-4448131560,Registered Nurse PreOp PACU FT,Novamed,posted,2026-08-07T14:53:36.352538,365
d7f5a3c37388dc83,https://al.linkedin.com/jobs/view/masseur-kin%C3%A9sith%C3%A9rapeute-h-f-at-groupe-hospitalier-artois-ternois-4447312505,Masseur-Kinésithérapeute H/F,,scraped,2026-08-07T14:53:39.048292,
781a6989ca69eec1,https://al.linkedin.com/jobs/view/russian-interpreter-yerevan-at-propio-language-services-4448452473,Russian Interpreter  Yerevan,Propio Language Services,posted,2026-08-07T14:53:54.393610,877
6407e3de9e4cff70,https://al.linkedin.com/jobs/view/analyst-senior-analyst-pricing-optimization-bangkok-based-relocation-provided-at-agoda-4441449155,"Analyst/ Senior Analyst, Pricing Optimization (Bangkok Based, relocation provided)",Agoda,posted,2026-08-07T14:54:08.592163,879
8b1b76dbf8285d0f,https://al.linkedin.com/jobs/view/gi-tech-prn-at-novamed-4448122853,GI Tech PRN,Novamed,posted,2026-08-07T14:54:20.101611,881
c122ecaf8a246052,https://al.linkedin.com/jobs/view/shape-the-future-of-stem-at-univa-dev-4449074675,Shape the future of STEM,Univa Dev,posted,2026-08-09T14:21:44.620408,883
9999c70ed10a6989,https://al.linkedin.com/jobs/view/peach-leaf-curl-at-sanhedrin-nursery-4449975572,Peach Leaf Curl,Sanhedrin Nursery,posted,2026-08-09T14:21:55.606049,885
7800bdf1736f511b,https://al.linkedin.com/jobs/view/splice-closure-at-nanjing-huamai-technology-co-ltd-4451037648,Splice Closure,,scraped,2026-08-09T14:21:58.012526,
58fbe0a7f9d1214f,https://al.linkedin.com/jobs/view/ask-me-anything-at-webbridge-consulting-4447382716,Ask me anything...,,scraped,2026-08-09T14:22:04.402554,
a06021d2633a1dee,https://al.linkedin.com/jobs/view/william-joins-girbau-north-america-at-the-laundry-ledger-4450787750,William Joins Girbau North America,The Laundry Ledger,posted,2026-08-09T14:22:17.786436,887
3c680d39b6039000,https://al.linkedin.com/jobs/view/tim-goodwin-at-littleton-chambers-4448766152,Tim Goodwin,,scraped,2026-08-09T14:22:20.320294,
d2ac7e954651b719,https://al.linkedin.com/jobs/view/fiber-joint-closure-at-nanjing-huamai-technology-co-ltd-4451048257,Fiber Joint Closure,,scraped,2026-08-09T14:22:27.251822,
f90bacc4797fc1a5,https://al.linkedin.com/jobs/view/le-concept-de-couture-caf%C3%A9-at-ong-studio-sifaka-4446289828,Le concept de couture café,,scraped,2026-08-09T14:22:33.893335,
9e7afba7758e7e12,https://al.linkedin.com/jobs/view/imbracatura-giusta-ecco-i-fattori-da-considerare-in-fase-di-scelta-at-cisis-4450901300,Imbracatura giusta: ecco i fattori da considerare in fase di scelta,,scraped,2026-08-09T14:22:40.907970,
94eed4a71ae8d81e,https://al.linkedin.com/jobs/view/cosa-e%CC%80-la-gestione-separata-dell-inps-at-soldionline-4450509779,Cosa è la Gestione Separata dell'Inps,,scraped,2026-08-09T14:22:49.790935,
028e75e5092bcca8,https://al.linkedin.com/jobs/view/pharmacist-4449257385,Pharmacist,"Pharmacy ""SAUKU""",posted,2026-08-09T14:23:00.753226,889
d8075101b29adbfc,https://al.linkedin.com/jobs/view/teknik-instalator-n%C3%AB-tiran%C3%AB-at-albanian-development-company-4450933901,Teknik Instalator në Tiranë,,scraped,2026-08-09T14:23:13.338231,
b9f8a0e290d71f7d,https://al.linkedin.com/jobs/view/gazetar-e-at-andale-al-4448888125,Gazetar/e,andale.al,posted,2026-08-09T14:23:30.386299,891
8ae8165e9a176d31,https://al.linkedin.com/jobs/view/lider-liderka-zmiany-at-dealz-poland-4449200436,Lider / Liderka zmiany,,scraped,2026-08-09T14:23:36.996393,
e923778326c00c60,https://al.linkedin.com/jobs/view/internal-listing-water-wastewater-works-operator-i-at-city-of-tulsa-4450677681,INTERNAL LISTING - WATER/WASTEWATER WORKS OPERATOR I,City of Tulsa,posted,2026-08-09T14:24:03.372377,893
304e0fc60aa0531f,https://al.linkedin.com/jobs/view/marketing-coordinator-at-dingus-zazzy-4447306700,Marketing Coordinator,Dingus & Zazzy,posted,2026-08-09T14:24:14.689082,895
770a6545bb50aa62,https://al.linkedin.com/jobs/view/certification-and-qualification-for-europe%E2%80%99s-job-brokers-at-mmc-management-center-ltd-mediterranean-management-center-4450538078,Certification and Qualification for Europe’s Job Brokers,,scraped,2026-08-09T14:24:33.235538,
ddf0affd1270cb0e,https://al.linkedin.com/jobs/view/quality-control-photovoltaic-entry-level-f-m-x-at-enpal-4448144648,Quality Control / Photovoltaic / Entry Level(f/m/x),,scraped,2026-08-09T14:24:41.306085,
12c9922786586414,https://al.linkedin.com/jobs/view/eneos-carka-at-doc-around-europe-film-festival-network-4448037826,ENEOS CARKA,,scraped,2026-08-09T14:24:49.531592,
18d425579144f8f4,https://al.linkedin.com/jobs/view/physical-therapist-at-krucial-rapid-response-4448062421,Physical Therapist,Krucial Rapid Response,posted,2026-08-09T14:25:00.632371,843
15256d465d370d21,https://al.linkedin.com/jobs/view/youth-entrepreneurship-advanced-pathway-at-mmc-management-center-ltd-mediterranean-management-center-4450517958,Youth Entrepreneurship Advanced Pathway,,scraped,2026-08-09T14:25:17.172197,
22660ac56c825d19,https://al.linkedin.com/jobs/view/%C2%BFqu%C3%A9-es-un-cortometraje%3F-at-aic-asociaci%C3%B3n-de-la-industria-del-cortometraje-4449239916,¿Qué es un cortometraje?,AIC - Asociación de la Industria del Cortometraje,posted,2026-08-09T14:25:36.429017,897
0b1abc9777916a3a,https://al.linkedin.com/jobs/view/agent-de-support-client-bilingue-fran%C3%A7ais-et-anglais-secteur-voyage-et-tourisme-at-csc-digital-4450276800,AGENT DE SUPPORT CLIENT BILINGUE (FRANÇAIS ET ANGLAIS)_SECTEUR VOYAGE ET TOURISME,CSC Digital,posted,2026-08-09T14:25:51.039693,899
34f63db642efedf4,https://al.linkedin.com/jobs/view/senior-reporting-accounting-specialist-1-year-fixed-term-contract-for-maternity-leave-cover-at-lufthansa-industry-solutions-4448769637,Senior Reporting & Accounting Specialist - 1 year fixed-term contract for maternity leave cover,,scraped,2026-08-09T14:25:55.688412,
860dc5ab596521e0,https://al.linkedin.com/jobs/view/emploi-%C3%A9tudiant-gestion-d-%C3%A9v%C3%A9nements-at-quantino-4449279062,Emploi étudiant - Gestion d'événements,,scraped,2026-08-09T14:26:02.465647,
28a027be5bbf6479,https://al.linkedin.com/jobs/view/us-law-school-alumni-employment-satisfaction-study-class-of-2020-at-the-nalp-foundation-for-law-career-research-and-education-4451068645,US | Law School Alumni Employment & Satisfaction Study (Class of 2020),The NALP Foundation for Law Career Research and Education,posted,2026-08-09T14:26:15.897059,901
6aaaec4336e3fb60,https://al.linkedin.com/jobs/view/cortos-recomendados-y-de-qu%C3%A9-tratan-at-aic-asociaci%C3%B3n-de-la-industria-del-cortometraje-4449253435,Cortos recomendados y de qué tratan,AIC - Asociación de la Industria del Cortometraje,posted,2026-08-09T14:26:27.641895,903
4b993bcc32cd9f62,https://al.linkedin.com/jobs/view/programaci%C3%B3n-para-persoas-traballadoras-desempregadas-2022-2023-at-confederaci%C3%B3n-de-empresarios-de-la-coru%C3%B1a-4450050387,Programación para persoas traballadoras desempregadas 2022-2023,Confederación de Empresarios de La Coruña,posted,2026-08-09T14:26:48.376253,905
028166830392f636,https://al.linkedin.com/jobs/view/net-developer-%E2%80%93-c%23-windows-forms-at-lutech-4450294749,.NET Developer – C# / Windows Forms,,scraped,2026-08-09T14:26:51.021400,
29b89d4dd3dfa06c,https://al.linkedin.com/jobs/view/mes-at-haosen-automation-4450941571,MES,,scraped,2026-08-09T14:26:57.445568,
fb3fd01b01d72458,https://al.linkedin.com/jobs/view/campus-visit-coordinator-at-oregon-state-university-4450762120,Campus Visit Coordinator,Oregon State University,posted,2026-08-09T14:27:13.729059,907
cf3f527f66284261,https://al.linkedin.com/jobs/view/ban-qu%E1%BA%A3n-l%C3%BD-d%E1%BB%B1-%C3%A1n-%C4%91%E1%BA%A7u-t%C6%B0-x%C3%A2y-d%E1%BB%B1ng-%C4%91hqghn-t%E1%BA%A1i-h%C3%B2a-l%E1%BA%A1c-tuy%E1%BB%83n-d%E1%BB%A5ng-vi%C3%AAn-ch%E1%BB%A9c-n%C4%83m-2022-at-vietnam-national-university-hanoi-4450325867,Ban Quản lý dự án đầu tư xây dựng ĐHQGHN tại Hòa Lạc tuyển dụng viên chức năm 2022,"Vietnam National University, Hanoi",posted,2026-08-09T14:27:24.773666,909
324f6c2498454fa9,https://al.linkedin.com/jobs/view/junior-arkitekt-e-durres-pespa-alumin-at-retail-albania-4449272064,Junior Arkitekt/e Durres (Pespa Alumin),Retail Albania,posted,2026-08-09T14:27:34.698820,911
2b382df67ea5f8e9,https://al.linkedin.com/jobs/view/wanderf%C3%BChrer-in-albanien-kosovo-montenegro-und-nordmazedonien-at-zbulo%21-discover-albania-4449505361,"Wanderführer in Albanien, Kosovo, Montenegro und Nordmazedonien",,scraped,2026-08-09T14:27:37.381166,
9350ffb0cfc4f3de,https://al.linkedin.com/jobs/view/staff-software-engineer-golang-at-block-labs-4440240679,"Staff Software Engineer, Golang",,scraped,2026-08-09T14:27:48.463954,
6f0fe4391c5007fa,https://al.linkedin.com/jobs/view/mccurdy-board-president-of-hlac-at-the-laundry-ledger-4451003310,McCurdy Board President of HLAC,The Laundry Ledger,posted,2026-08-09T14:28:02.898298,913
34af37c153260995,https://al.linkedin.com/jobs/view/%E7%BE%8E%E5%AE%B9%E5%B8%88-at-lestars-management-consultancy-llc-4450353183,美容师,,scraped,2026-08-09T14:28:09.449785,
ca734850b0c81791,https://al.linkedin.com/jobs/view/lider-liderka-zmiany-3-4-etatu-at-dealz-poland-4446209644,Lider / Liderka zmiany (3/4 etatu),,scraped,2026-08-09T14:28:25.644733,
30a8d9533589bd62,https://al.linkedin.com/jobs/view/law-school-alumni-employment-satisfaction-study-class-of-2022-at-the-nalp-foundation-for-law-career-research-and-education-4451065718,Law School Alumni Employment & Satisfaction Study (Class of 2022),The NALP Foundation for Law Career Research and Education,posted,2026-08-09T14:28:40.566325,915
df92dc87548c00db,https://al.linkedin.com/jobs/view/raising-youth-awareness-on-the-metaverse-at-mmc-management-center-ltd-mediterranean-management-center-4450537073,Raising Youth Awareness on the Metaverse,,scraped,2026-08-09T14:28:43.100510,
551bd73d5fa97b3e,https://al.linkedin.com/jobs/view/validation-of-formal-non-formal-and-informal-learning-for-administration-personnel-through-asynchronous-electronic-learning-and-online-assessment-at-mmc-management-center-ltd-mediterranean-management-center-4450533329,"Validation of formal, non-formal, and informal learning for administration personnel through asynchronous electronic learning and online assessment",,scraped,2026-08-09T14:28:50.935916,
27b22d6e5d9f034b,https://al.linkedin.com/jobs/view/empathy-in-health-care-at-mmc-management-center-ltd-mediterranean-management-center-4450519846,Empathy in Health Care,,scraped,2026-08-09T14:28:58.389661,
6a4bc09512980491,https://al.linkedin.com/jobs/view/an-innovative-student-centered-approach-to-intercultural-skills-acquisition-for-students-and-young-migrants-at-mmc-management-center-ltd-mediterranean-management-center-4450530484,"An Innovative, Student-Centered Approach to Intercultural Skills Acquisition for Students and Young Migrants",,scraped,2026-08-09T14:29:05.896393,
2a5c9c7ac4a8ffe7,https://al.linkedin.com/jobs/view/diversity-inclusion-citizenship-empowerment-at-mmc-management-center-ltd-mediterranean-management-center-4450536078,Diversity Inclusion Citizenship Empowerment,,scraped,2026-08-09T14:29:13.242429,
6a10b8c430417c3c,https://al.linkedin.com/jobs/view/enhancing-pupils%E2%80%99-social-skills-and-enriching-teaching-methods-through-storytelling-and-virtual-reality-at-mmc-management-center-ltd-mediterranean-management-center-4450520871,Enhancing pupils’ social skills and  enriching teaching methods through storytelling and  virtual reality,,scraped,2026-08-09T14:29:20.351721,
e0639010873d690f,https://al.linkedin.com/jobs/view/introducing-digitalization-for-boosting-smes-in-tourism-and-hospitality-at-mmc-management-center-ltd-mediterranean-management-center-4450518903,Introducing digitalization for boosting SMEs in Tourism and Hospitality,,scraped,2026-08-09T14:29:27.874518,
96fcff59f321a2f1,https://al.linkedin.com/jobs/view/european-heritage-3d-games-platform-for-teaching-maths-at-mmc-management-center-ltd-mediterranean-management-center-4450529577,European heritage 3D gamEs platform for teaching mAths,,scraped,2026-08-09T14:29:37.102600,
6af629b6acdafce7,https://al.linkedin.com/jobs/view/publish-account-manager-at-bulls-media-worldgroup-4448066925,Publish Account Manager,,scraped,2026-08-09T14:29:44.358035,
c61e74c7c6a29cf0,https://al.linkedin.com/jobs/view/specialist-finance-junior-at-kead-albania-4449081069,SPECIALIST FINANCE JUNIOR,,scraped,2026-08-09T14:29:51.217418,
11230dd428fd635e,https://al.linkedin.com/jobs/view/%D0%BA%D0%B5%D1%80%D1%96%D0%B2%D0%BD%D0%B8%D0%BA-%D1%86%D1%8F-%D0%BE%D1%81%D0%B2%D1%96%D1%82%D0%BD%D1%96%D1%85-%D0%BF%D1%80%D0%BE%D0%B3%D1%80%D0%B0%D0%BC-%D1%86%D0%B5%D0%BD%D1%82%D1%80%D1%83-%D1%81%D1%82%D1%80%D0%B0%D1%82%D0%B5%D0%B3%D1%96%D1%87%D0%BD%D0%B8%D1%85-%D0%BA%D0%BE%D0%BC%D1%83%D0%BD%D1%96%D0%BA%D0%B0%D1%86%D1%96%D0%B9-%D1%82%D0%B0-%D1%96%D0%BD%D1%84%D0%BE%D1%80%D0%BC%D0%B0%D1%86%D1%96%D0%B9%D0%BD%D0%BE%D1%97-%D0%B1%D0%B5%D0%B7%D0%BF%D0%B5%D0%BA%D0%B8-%D0%BF%D1%80%D0%B8-%D0%BC%D0%BA%D1%96%D0%BF-%D0%B2%D0%B0%D0%BA%D0%B0%D0%BD%D1%81%D1%96%D1%8E-%D0%B7%D0%B0%D0%BA%D1%80%D0%B8%D1%82%D0%BE-at-media-law-institute-centre-for-democracy-and-rule-of-law-cedem-4449240871,Керівник/ця освітніх програм Центру стратегічних комунікацій та інформаційної безпеки при МКІП (вакансію закрито),,scraped,2026-08-09T14:30:02.919373,
735cd2d75910f045,https://al.linkedin.com/jobs/view/encouraging-integration-for-newly-arrived-immigrant-women-through-entrepreneurship-at-mmc-management-center-ltd-mediterranean-management-center-4450539052,Encouraging integration for newly arrived immigrant women through entrepreneurship,,scraped,2026-08-09T14:30:11.398900,
ca39ca15e0d54df5,https://al.linkedin.com/jobs/view/social-integration-skills-for-newly-arrived-migrants-and-refugees-through-social-stories-scenarios-enacted-using-european-cultural-heritage-sites-and-near-peer-role-models-at-mmc-management-center-ltd-mediterranean-management-center-4450521870,Social integration skills for newly arrived migrants and refugees through social stories scenarios enacted using European Cultural heritage sites and near-peer Role Models,,scraped,2026-08-09T14:30:22.973745,
9a38a76248f08424,https://al.linkedin.com/jobs/view/expert-sourcing-and-recruitment-consultant-at-ntu-international-a-s-4452437019,Expert Sourcing and Recruitment Consultant,,scraped,2026-08-11T14:46:38.191674,
27289b04f451da26,https://al.linkedin.com/jobs/view/italisht-presa-appuntamenti-at-acca19-4449505002,Italisht Presa Appuntamenti,,scraped,2026-08-11T14:46:45.397980,
13a4cabb1f8daa8c,https://al.linkedin.com/jobs/view/support-specialist-4452428105,Support Specialist,Start- Up...........,posted,2026-08-11T14:47:00.184471,917
18d694e47df4d209,https://al.linkedin.com/jobs/view/property-invesment-expert-at-harob-co-4449585064,Property Invesment Expert,,scraped,2026-08-11T14:47:08.786645,
7108653726d98741,https://al.linkedin.com/jobs/view/sales-development-representative-at-amiy-4451189667,Sales Development Representative,,scraped,2026-08-11T14:47:15.463647,
9ca7db3973e11e3c,https://al.linkedin.com/jobs/view/booking-operations-specialist-at-limolane-4449556407,Booking & Operations Specialist,,scraped,2026-08-11T14:47:28.712333,
8a77b038bc0b8374,https://al.linkedin.com/jobs/view/sap-basis-consultant-at-ikons-italia-4451679252,SAP Basis Consultant,,scraped,2026-08-11T14:47:39.414266,
9635859e0b770c2b,https://al.linkedin.com/jobs/view/service-desk-support-specialist-at-balfin-group-4449394393,Service Desk Support Specialist,,scraped,2026-08-11T14:47:47.534011,
3150093ac65d28ea,https://al.linkedin.com/jobs/view/technical-brand-specialist-at-fredi-electronics-shpk-4451181943,Technical Brand Specialist,,scraped,2026-08-11T14:47:55.763661,
b5a05062bcfe8ab7,https://al.linkedin.com/jobs/view/back-office-kompani-italiane-at-dm-consulting-services-4452411900,Back Office (Kompani Italiane),DM Consulting Services,posted,2026-08-11T14:48:21.432593,919
58b6ad240820c112,https://al.linkedin.com/jobs/view/medical-laboratory-technician-at-university-of-medicine-tirana-4448423286,Medical Laboratory Technician,"University of Medicine, Tirana",posted,2026-08-11T14:48:32.332179,921
0d3b933658372b27,https://al.linkedin.com/jobs/view/regional-sales-manager-at-lpp-albania-4271723708,Regional Sales Manager,,scraped,2026-08-11T14:48:34.978002,
cbd637601204f66b,https://al.linkedin.com/jobs/view/assistant-project-manager-at-lorena-gjeta-4452450228,Assistant Project Manager,Lorena Gjeta,posted,2026-08-11T14:48:49.437902,923
a608a4a7d3e630e3,https://al.linkedin.com/jobs/view/brand-manager-asus-at-muk-4450637433,Brand Manager (ASUS),,scraped,2026-08-11T14:48:52.058571,
cf19ebed26fb8da2,https://al.linkedin.com/jobs/view/menaxher-risku-operacional-p%C3%ABrputhshm%C3%ABrie-at-kredo-al-4448013714,Menaxher Risku Operacional & Përputhshmërie,,scraped,2026-08-11T14:49:00.217190,
5ad5a083e702c933,https://al.linkedin.com/jobs/view/front-desk-customer-service-at-tirana-bank-4449118271,Front Desk Customer Service,Tirana Bank,posted,2026-08-11T14:49:17.575739,925
cd595de545f94704,https://al.linkedin.com/jobs/view/m%C3%ABsues-amu-profili-histori-gjeografi-at-american-british-stem-academy-4449516407,Mësues AMU /Profili Histori-Gjeografi,American British STEM Academy,posted,2026-08-11T14:49:26.221721,927
199ca8ca6f56797a,https://al.linkedin.com/jobs/view/video-editor-at-yus-agency-4449208080,Video Editor,,scraped,2026-08-11T14:49:28.603026,
520a8f27da8d1865,https://al.linkedin.com/jobs/view/director-of-business-development-at-infotelecom-4448402518,Director of Business Development,INFOTelecom,posted,2026-08-11T14:49:44.966243,929
44efd27cda2d5da3,https://al.linkedin.com/jobs/view/legal-assistant-at-eppc-albania-kosovo-4451523791,Legal Assistant,,scraped,2026-08-11T14:49:47.605740,
a997fa9594ea6ecf,https://al.linkedin.com/jobs/view/specialist-e-finance-ne-ojf-at-job-station-albania-4451667130,Specialist/e Finance ne OJF,Job Station Albania,posted,2026-08-11T14:50:02.517504,931
a88de0e66b44242d,https://al.linkedin.com/jobs/view/drejtor-e-marketingu-at-omnes-agency-4451663565,Drejtor/e Marketingu,,scraped,2026-08-11T14:50:11.090991,
8d19abff13babc5d,https://al.linkedin.com/jobs/view/end-user-technical-support-specialist-maternity-leave-replacement-at-flutter-international-4451689222,End User & Technical Support Specialist (Maternity Leave Replacement),,scraped,2026-08-11T14:50:19.751762,
3898e2b0c1830b63,https://al.linkedin.com/jobs/view/sap-analytics-cloud-consultant-at-engineering-albania-4449577564,SAP Analytics Cloud Consultant,,scraped,2026-08-11T14:50:26.901054,
ef6298d833cd333e,https://al.linkedin.com/jobs/view/k%C3%ABrkojm%C3%AB-jurist-e-at-abissnet-4451656270,Kërkojmë Jurist / e,,scraped,2026-08-11T14:50:38.048169,
0aa20568b7a382ea,https://al.linkedin.com/jobs/view/project-coordinator-%E2%80%93-iam-migration-microsoft-entra-id-m-f-x-at-amaris-consulting-4451644226,Project Coordinator – IAM Migration (Microsoft Entra ID) M / F / X,,scraped,2026-08-11T14:50:45.275597,
4e159687c7c97052,https://al.linkedin.com/jobs/view/instructor-at-canadian-institute-of-technology-cit-4448027217,Instructor,Canadian Institute of Technology - CIT,posted,2026-08-11T14:51:00.989275,933
8824044cfe0cdcd9,https://al.linkedin.com/jobs/view/staff-core-platform-engineer-at-n8n-4452470529,Staff Core Platform Engineer,,scraped,2026-08-11T14:51:03.561367,
272929e73c03b1a3,https://al.linkedin.com/jobs/view/support-specialist-with-italian-at-kirey-4449844681,Support Specialist with Italian,,scraped,2026-08-11T14:51:11.896384,
7ec8ffb70a524db6,https://al.linkedin.com/jobs/view/inxhinier-hidroteknik-at-kontakt-al-4449562623,Inxhinier Hidroteknik,,scraped,2026-08-11T14:51:20.107177,
5a239739ec7e2457,https://al.linkedin.com/jobs/view/icitap-advisor-to-the-albanian-police-oversight-agency-at-amentum-4450759924,ICITAP Advisor to the Albanian Police Oversight Agency,Amentum,posted,2026-08-11T14:51:33.148860,935
dcbac53adf193f5f,https://al.linkedin.com/jobs/view/contact-at-jewelers-of-america-inc-4451109658,Contact,"Jewelers of America, Inc.",posted,2026-08-11T14:51:42.094047,467
ff997f3180e0f4be,https://al.linkedin.com/jobs/view/remote-senior-frontend-developer-vue-js-webflow-at-orange-uni-4452403399,Remote Senior Frontend Developer (Vue.js & Webflow),Orange Uni,posted,2026-08-11T14:51:52.001776,937
3571943ac1608df5,https://al.linkedin.com/jobs/view/front-desk-customer-service-temporary-contract-6-months-at-tirana-bank-4451694163,Front Desk Customer Service - (Temporary Contract 6 months),Tirana Bank,posted,2026-08-11T14:52:01.360659,733
3f9f5ec1b36b7ce2,https://al.linkedin.com/jobs/view/face-deduplication-collection-freelance-at-telus-digital-ai-data-solutions-4448891682,Face Deduplication Collection (Freelance),TELUS Digital AI Data Solutions,posted,2026-08-11T14:52:14.567386,939
547701bb6571042a,https://al.linkedin.com/jobs/view/lider-liderka-zmiany-3-4-etatu-at-dealz-poland-4449863197,Lider / Liderka zmiany (3/4 etatu),,scraped,2026-08-11T14:52:27.251799,
106d7802c226977d,https://al.linkedin.com/jobs/view/clm-functional-junior-analyst-at-deloitte-4452430569,CLM - Functional Junior analyst,Deloitte,posted,2026-08-11T14:52:43.376970,941
88d16cc118eb6848,https://al.linkedin.com/jobs/view/customer-success-director-at-infotelecom-4448090712,Customer Success Director,INFOTelecom,posted,2026-08-11T14:52:54.038820,943
5fdd6b4f4dcf84ff,https://al.linkedin.com/jobs/view/praca-dodatkowa-w-sklepie-dealz-at-dealz-poland-4449871111,Praca dodatkowa w Sklepie Dealz,,scraped,2026-08-11T14:52:56.577569,
cb3f0398c6eaf6f7,https://al.linkedin.com/jobs/view/praca-dodatkowa-w-sklepie-dealz-at-dealz-poland-4449567957,Praca dodatkowa w Sklepie Dealz,,scraped,2026-08-11T14:53:03.396378,
0e81827876f7a98e,https://al.linkedin.com/jobs/view/praca-dodatkowa-w-sklepie-dealz-at-dealz-poland-4449572647,Praca dodatkowa w Sklepie Dealz,,scraped,2026-08-11T14:53:10.322567,
a89717ad7a37e270,https://al.linkedin.com/jobs/view/praca-dodatkowa-w-sklepie-dealz-at-dealz-poland-4448419901,Praca dodatkowa w Sklepie Dealz,,scraped,2026-08-11T14:53:18.347111,
f4897ee4b2bcc6dc,https://al.linkedin.com/jobs/view/praca-dodatkowa-w-sklepie-dealz-at-dealz-poland-4449858241,Praca dodatkowa w Sklepie Dealz,,scraped,2026-08-11T14:53:25.220157,
4d3f7c4fd4dbb071,https://al.linkedin.com/jobs/view/praca-dodatkowa-w-sklepie-dealz%E2%80%8B%E2%80%8B-at-dealz-poland-4449572646,Praca dodatkowa w Sklepie Dealz,,scraped,2026-08-11T14:53:35.736948,
22a4ac2b05321cb9,https://al.linkedin.com/jobs/view/senior-ai-trainer-financial-investment-analysts-at-braintrust-4452197585,"Senior AI Trainer, Financial & Investment Analysts",Braintrust,posted,2026-08-11T14:53:49.041018,945
d0377c202cd13986,https://al.linkedin.com/jobs/view/sales-managers-revops-ai-training-at-braintrust-4452400437,Sales Managers / RevOps - AI Training,Braintrust,posted,2026-08-11T14:53:56.824411,947
e2d4400a2c3a9d39,https://al.linkedin.com/jobs/view/business-analyst-supply-analytics-bangkok-based-relocation-provided-at-agoda-4451547697,"Business Analyst (Supply Analytics, Bangkok-based, Relocation provided)",Agoda,posted,2026-08-11T14:54:08.766547,949
4fad2a9d426cc726,https://al.linkedin.com/jobs/view/it-operations-specialist-at-bulls-media-worldgroup-4452375777,IT Operations Specialist,,scraped,2026-08-13T14:47:14.879162,
6de5933dc7efd027,https://al.linkedin.com/jobs/view/procurement-specialist-at-dimension-hr-4450486492,Procurement Specialist,,scraped,2026-08-13T14:47:24.012135,
5a1e0f36026d5057,https://al.linkedin.com/jobs/view/logistic-specialist-at-titan-albania-4452793762,Logistic Specialist,,scraped,2026-08-13T14:47:35.200806,
95ccc40eb5906fec,https://al.linkedin.com/jobs/view/logistic-coordinator-at-ogrc-ltd-4453688931,Logistic Coordinator,,scraped,2026-08-13T14:47:46.082925,
990d13944826fec5,https://al.linkedin.com/jobs/view/magazinier-at-timak-4451632377,Magazinier,Timak,posted,2026-08-13T14:48:10.074365,951
d990b102979ad6b2,https://al.linkedin.com/jobs/view/associate-relationship-manager-at-tirana-bank-4452963920,Associate Relationship Manager,Tirana Bank,posted,2026-08-13T14:48:24.113801,953
93035193bc6b80ec,https://al.linkedin.com/jobs/view/financial-officier-at-environmental-and-territorial-management-institute-4450486108,Financial officier,Environmental and Territorial Management Institute,posted,2026-08-13T14:48:33.420798,955
038eb26c106e3b90,https://al.linkedin.com/jobs/view/personal-banker-at-tirana-bank-4453207254,Personal Banker,Tirana Bank,posted,2026-08-13T14:48:40.811993,119
dfa37fc97950f752,https://al.linkedin.com/jobs/view/it-support-supervisor-at-bulls-media-worldgroup-4452371624,IT Support / Supervisor,,scraped,2026-08-13T14:48:47.440120,
014054a12bd795b4,https://al.linkedin.com/jobs/view/rasche-named-coo-at-fibertech-at-the-laundry-ledger-4451000453,Rasche Named COO at Fibertech,The Laundry Ledger,posted,2026-08-13T14:49:01.323274,957
6063569016853e80,https://al.linkedin.com/jobs/view/supply-chain-bi-specialist-at-sicpa-4448752314,Supply Chain BI Specialist,,scraped,2026-08-13T14:49:08.003867,
3b5e86571d5387ea,https://al.linkedin.com/jobs/view/kierownik-kierowniczka-sklepu-dealz-at-dealz-poland-4449585093,Kierownik / Kierowniczka Sklepu Dealz,,scraped,2026-08-13T14:49:14.586613,
b80b0bfbc2c6321a,https://al.linkedin.com/jobs/view/legal-specialist-in-higher-education-at-university-of-new-york-tirana-4453095198,LEGAL SPECIALIST IN HIGHER EDUCATION,University of New York Tirana,posted,2026-08-13T14:49:30.368331,959
b0e338c9aa5a85be,https://al.linkedin.com/jobs/view/japan-pr-landscape-2026-what-changed-since-2020-and-what-hasn%E2%80%99t-at-kyodo-public-relations-4450934127,Japan PR Landscape 2026: What Changed Since 2020 (and What Hasn’t),,scraped,2026-08-13T14:49:33.209589,
ee74b4cf9661d8cc,https://al.linkedin.com/jobs/view/microsoft-technologies-specialists-%E2%80%93-multiple-open-positions-at-moreone-technologies-4448737960,Microsoft Technologies Specialists – Multiple Open Positions,,scraped,2026-08-13T14:49:40.640939,
3668c12fda6f8718,https://al.linkedin.com/jobs/view/artificial-intelligence-co-founder-cmo-100-%25-remote-m-f-d-at-ewor-4450367400,Artificial Intelligence Co-Founder / CMO (100 % remote) (m/f/d),,scraped,2026-08-13T14:49:53.708613,
f322fad4fd299324,https://al.linkedin.com/jobs/view/medical-sales-consultant-at-bluemagic-group-international-4452711035,Medical Sales Consultant,,scraped,2026-08-13T14:50:04.245181,
14dae1a1f0785712,https://al.linkedin.com/jobs/view/cdi-technicien-tma-support-et-maintenance-applicative-h-f-at-groupe-coquelle-4451695982,CDI - Technicien TMA - Support et Maintenance applicative H/F,,scraped,2026-08-13T14:50:14.167716,
fd929a1082e69709,https://al.linkedin.com/jobs/view/marketing-specialist-at-kalaja-talent-consulting-4450123558,Marketing Specialist,,scraped,2026-08-13T14:50:26.271072,
edfc5f88136de8e8,https://al.linkedin.com/jobs/view/project-manager-operational-excellence-at-concentrix-4454026648,Project Manager Operational Excellence,Concentrix,posted,2026-08-13T14:50:40.042305,961
2af7888fe83f52a9,https://al.linkedin.com/jobs/view/investment-reporting-associate-at-acca-careers-4451058821,Investment Reporting Associate,,scraped,2026-08-13T14:50:46.621675,
431f838449bde59c,https://al.linkedin.com/jobs/view/assistente-medico-4453058738,Assistente medico,DentX Clinic,posted,2026-08-13T14:50:59.082325,963
6ad8746aa92904cd,https://al.linkedin.com/jobs/view/end-user-technical-support-specialist-maternity-leave-replacement-at-flutter-entertainment-4452444255,End User & Technical Support Specialist (Maternity Leave Replacement),Flutter Entertainment,posted,2026-08-13T14:51:09.335852,965
9ec63371b6452ddc,https://al.linkedin.com/jobs/view/interior-designer-4450149130,Interior Designer,Archtech Consulting,posted,2026-08-13T14:51:18.827817,967
9bb2289ae381de60,https://al.linkedin.com/jobs/view/senior-ai-creative-designer-at-capslock-4454003356,Senior AI Creative Designer,,scraped,2026-08-13T14:51:21.409814,
f7a94263e7cc2f3b,https://al.linkedin.com/jobs/view/regional-sales-manager-service-at-quincy-compressor-4452755553,"Regional Sales Manager, Service",Quincy Compressor,posted,2026-08-13T14:51:35.321637,969
628602ce85f9f5ee,https://al.linkedin.com/jobs/view/icitap-advisor-to-the-albanian-national-bureau-of-investigations-nbi-at-amentum-4451896651,ICITAP Advisor to the Albanian National Bureau of Investigations (NBI),Amentum,posted,2026-08-13T14:51:46.396966,971
cd26a639b706dd13,https://al.linkedin.com/jobs/view/inxhinier-mekatronik-at-eme-ashensor-group-4452424601,Inxhinier Mekatronik,,scraped,2026-08-13T14:51:51.047514,
bad174d58e6109be,https://al.linkedin.com/jobs/view/google-ads-meta-ads-manager-at-fxcapital3-4452433344,Google Ads & Meta Ads Manager,FXCapital3,posted,2026-08-13T14:52:07.122902,973
2632e5e79b3557e3,https://al.linkedin.com/jobs/view/analyst-supply-analytics-bangkok-based-relocation-provided-at-agoda-4451552381,"Analyst (Supply Analytics, Bangkok-based, Relocation provided)",Agoda,posted,2026-08-13T14:52:20.557358,975
2eb3748e9aac0b71,https://al.linkedin.com/jobs/view/junior-it-support-specialist-albania-at-bulls-media-worldgroup-4452376628,Junior IT support specialist (Albania),,scraped,2026-08-13T14:52:25.139475,
c4dc52e63875f7c4,https://al.linkedin.com/jobs/view/junior-it-application-specialist-at-deloitte-4450495213,Junior IT Application Specialist,Deloitte,posted,2026-08-13T14:52:38.871940,977
4b05655be4af97ce,https://al.linkedin.com/jobs/view/learning-development-team-coordinator-at-deloitte-4450147093,Learning & Development Team Coordinator,Deloitte,posted,2026-08-13T14:52:47.781546,979
0937a013f3ebd2e6,https://al.linkedin.com/jobs/view/praca-dodatkowa-w-sklepie-dealz-at-dealz-poland-4449579326,Praca dodatkowa w Sklepie Dealz,,scraped,2026-08-13T14:52:58.378276,
f161139adbae772c,https://al.linkedin.com/jobs/view/senior-bi-analyst-supply-analytics-bangkok-based-at-agoda-4451545840,"Senior BI Analyst (Supply Analytics, Bangkok-based)",Agoda,posted,2026-08-13T14:53:26.787180,981
c9890755af7e361c,https://al.linkedin.com/jobs/view/data-scientist-senior-analyst-supply-analytics-bangkok-based-relocation-provided-at-agoda-4451556272,"Data Scientist/Senior Analyst (Supply Analytics, Bangkok-based, Relocation provided)",Agoda,posted,2026-08-13T14:53:39.724041,983
c08a5ed32543fe03,https://al.linkedin.com/jobs/view/lider-liderka-zmiany-at-dealz-poland-4450815110,Lider / Liderka zmiany,,scraped,2026-08-13T14:53:42.408477,
5272d42cee4e2fe1,https://al.linkedin.com/jobs/view/ryanair-engineering-maintenance-recruitment-webinar-%E2%80%93-22nd-september-2026-at-ryanair-europe-s-favourite-airline-4453201493,Ryanair Engineering Maintenance Recruitment Webinar – 22nd September 2026,,scraped,2026-08-15T14:02:38.812356,
67a220555cb2b446,https://al.linkedin.com/jobs/view/sistemuese-magazine-at-zero-absolute-4453919050,Sistemuese Magazine,Zero Absolute,posted,2026-08-15T14:02:56.292663,985
5e57c3bb4684ea15,https://al.linkedin.com/jobs/view/maintenance-manager-at-seneca-foods-corporation-4451204338,Maintenance Manager,Seneca Foods Corporation,posted,2026-08-15T14:03:11.337497,541
42f779658f109d9d,https://al.linkedin.com/jobs/view/head-of-office-at-sigma-software-4450811921,Head of Office,,scraped,2026-08-15T14:03:14.005309,
b45aa044f63d2b3b,https://al.linkedin.com/jobs/view/front-office-manager-at-maritim-marina-bay-resort-casino-4451206172,Front Office Manager,Maritim Marina Bay Resort &amp; Casino,posted,2026-08-15T14:03:32.011555,987
34a45913ed94df1d,https://al.linkedin.com/jobs/view/fully-remote-media-buyer-%E2%80%93-paid-acquisition-specialist-at-besa-group-4450484400,Fully Remote Media Buyer – Paid Acquisition Specialist,Besa Group,posted,2026-08-15T14:03:40.584905,989
b81e95c94648d817,https://al.linkedin.com/jobs/view/it-specialist-at-bulls-media-worldgroup-4452371624,IT Specialist,,scraped,2026-08-15T14:03:43.179202,
ead13a99d53f1a2e,https://al.linkedin.com/jobs/view/small-business-advisor-band-4t-at-tirana-bank-4453528671,Small Business Advisor (Band 4T),Tirana Bank,posted,2026-08-15T14:04:00.294993,991
e8c201fef36f68f2,https://al.linkedin.com/jobs/view/specialiste-e-burimeve-njerezore-at-rekrutime-agikons-4450492760,Specialiste e Burimeve Njerezore,Rekrutime Agikons,posted,2026-08-15T14:04:13.640711,993
3d93ae4c1ae984e2,https://al.linkedin.com/jobs/view/procurement-tendering-manager-at-confidential-careers-4453124418,Procurement & Tendering Manager,Confidential Careers,posted,2026-08-15T14:04:27.484971,995
8ee2025b8c74df29,https://al.linkedin.com/jobs/view/sales-business-development-at-nekod-4453672537,Sales Business Development,,scraped,2026-08-15T14:04:32.106110,
e301b84bf9d52361,https://al.linkedin.com/jobs/view/brand-manager-at-kalaja-talent-consulting-4451223120,Brand Manager,,scraped,2026-08-15T14:04:43.343832,
f9114d952698fa1a,https://al.linkedin.com/jobs/view/agjent-shitje-account-manager-durres-at-vas-group-4451238773,Agjent Shitje/Account Manager- Durres,,scraped,2026-08-15T14:04:49.982228,
473f76695a31665f,https://al.linkedin.com/jobs/view/host-at-volkswagen-group-4453220254,Host,,scraped,2026-08-15T14:04:56.952124,
d159267f02fa69bd,https://al.linkedin.com/jobs/view/menaxher-shitje-veri-at-omnes-agency-4451244003,Menaxher shitje - Veri,,scraped,2026-08-15T14:05:04.757090,
b046a3077dfb2391,https://al.linkedin.com/jobs/view/altmaesports-aprueba-las-cuentas-del-2022-y-encara-el-2023-at-gal-altmaesports-leader-4452918115,Altmaesports aprueba las cuentas del 2022 y encara el 2023,GAL ALTMAESPORTS LEADER,posted,2026-08-15T14:05:21.045885,997
52e2088bff6477e9,https://al.linkedin.com/jobs/view/clinical-research-associate-talent-pipeline-opportunity-at-emerald-clinical-4451180012,Clinical Research Associate - Talent Pipeline Opportunity,,scraped,2026-08-15T14:05:23.726195,
7dd8acd6454c5961,https://al.linkedin.com/jobs/view/sales-consultant-at-porsche-holding-4454392489,Sales Consultant,,scraped,2026-08-15T14:05:32.680354,
569e39eeee56053b,https://al.linkedin.com/jobs/view/host-at-porsche-holding-4454508496,Host,,scraped,2026-08-15T14:05:41.420938,
a86f7e82558b3a2e,https://al.linkedin.com/jobs/view/specialist-shitjesh-marrje-n%C3%AB-sigurim-at-sicred-sh-a-4450899169,Specialist Shitjesh & Marrje në Sigurim,,scraped,2026-08-15T14:05:47.890984,
862664fadb15f73c,https://al.linkedin.com/jobs/view/junior-sap-fi-consultant-at-engineering-albania-4449579451,Junior SAP FI Consultant,,scraped,2026-08-15T14:06:02.187658,
6c5f2d1c83421b47,https://al.linkedin.com/jobs/view/etl-engineer-remote-work-at-bairesdev-4451437010,ETL Engineer - Remote Work,BairesDev,posted,2026-08-15T14:06:12.034065,41
5f6c356b19fdc140,https://al.linkedin.com/jobs/view/altmaesports-aprova-els-comptes-del-2022-i-encara-el-2023-at-gal-altmaesports-leader-4452933114,Altmaesports aprova els comptes del 2022 i encara el 2023,GAL ALTMAESPORTS LEADER,posted,2026-08-15T14:06:24.176619,999
30e0f6e486557027,https://al.linkedin.com/jobs/view/ux-ui-designer-at-sicpa-4451736274,UX/UI Designer,,scraped,2026-08-15T14:06:28.875998,
a59033a7ac90a099,https://al.linkedin.com/jobs/view/marketing-account-manager-at-mania-advertising-maniacard-4450468676,Marketing Account Manager,,scraped,2026-08-15T14:06:35.904500,
801ba60ca9f4215b,https://al.linkedin.com/jobs/view/cabin-8-at-woodland-beach-resort-4452330227,Cabin 8,Woodland Beach Resort,posted,2026-08-15T14:06:46.441122,797
75fd9856e1704c90,https://al.linkedin.com/jobs/view/invitation-to-submit-offers-for-local-consultancy-services-eu4rivers-relaunch-at-eubam-libya-4451977661,Invitation to submit offers for local consultancy services EU4RIVERS - Relaunch,,scraped,2026-08-15T14:06:49.224494,
83793db3094809cd,https://al.linkedin.com/jobs/view/senior-business-development-manager-at-mwdn-4452962844,Senior Business Development Manager,MWDN,posted,2026-08-15T14:07:07.416801,1001
ba4175d80a8b7eb4,https://al.linkedin.com/jobs/view/content-creator-at-publer-4451487815,Content Creator,,scraped,2026-08-15T14:07:12.058063,
463ee3cb7732e128,https://al.linkedin.com/jobs/view/applied-ai-co-founder-cco-100-%25-remote-m-f-d-at-ewor-4453722131,Applied AI Co-Founder / CCO (100 % remote) (m/f/d),,scraped,2026-08-15T14:07:22.640380,
d53c2939c2850412,https://al.linkedin.com/jobs/view/artificial-intelligence-co-founder-cmo-100-%25-remote-m-f-d-at-ewor-4453726113,Artificial Intelligence Co-Founder / CMO (100 % remote) (m/f/d),,scraped,2026-08-15T14:07:29.275813,
7747d2d0058189cc,https://al.linkedin.com/jobs/view/inbound-sdr-at-livyo-4451229420,Inbound SDR,,scraped,2026-08-15T14:07:35.802834,
1256c2cde92dccbe,https://al.linkedin.com/jobs/view/team-lead-learning-and-development-contract-remote-at-infuse-4454821110,"Team Lead, Learning and Development (Contract, Remote)",INFUSE,posted,2026-08-15T14:07:50.167368,1003
8c20f8aa5aa44355,https://al.linkedin.com/jobs/view/teknik-instalator-n%C3%AB-tiran%C3%AB-at-albanian-development-company-4453731524,Teknik Instalator në Tiranë,,scraped,2026-08-15T14:07:52.848643,
3f14fd767b5de3b8,https://al.linkedin.com/jobs/view/freelance-4451264796,Freelance,Loralb Infinity,posted,2026-08-15T14:08:05.979742,1005
b3853fd033848ebf,https://al.linkedin.com/jobs/view/jumior-ai-develipors-tech-enthusiasts-at-albanianskills-national-association-for-skills-competitions-as-nasc-4451310093,Jumior AI Develipors & Tech Enthusiasts,,scraped,2026-08-15T14:08:08.593356,
ef1610ed70f6934d,https://al.linkedin.com/jobs/view/internship-sap-functional-consultant-at-algorhythm-4450458684,Internship  SAP Functional Consultant,,scraped,2026-08-15T14:08:16.138935,
379f93058b6521ab,https://al.linkedin.com/jobs/view/software-tester-at-ebsco-information-services-4452933852,software  tester,EBSCO Information Services,posted,2026-08-15T14:08:26.257831,457
c57ef3ed1d1fa198,https://al.linkedin.com/jobs/view/%D0%BA%D0%B5%D1%80%D1%96%D0%B2%D0%BD%D0%B8%D0%BA-%D1%86%D1%8F-%D0%BE%D1%81%D0%B2%D1%96%D1%82%D0%BD%D1%96%D1%85-%D0%BF%D1%80%D0%BE%D0%B3%D1%80%D0%B0%D0%BC-%D1%86%D0%B5%D0%BD%D1%82%D1%80%D1%83-%D1%81%D1%82%D1%80%D0%B0%D1%82%D0%B5%D0%B3%D1%96%D1%87%D0%BD%D0%B8%D1%85-%D0%BA%D0%BE%D0%BC%D1%83%D0%BD%D1%96%D0%BA%D0%B0%D1%86%D1%96%D0%B9-%D1%82%D0%B0-%D1%96%D0%BD%D1%84%D0%BE%D1%80%D0%BC%D0%B0%D1%86%D1%96%D0%B9%D0%BD%D0%BE%D1%97-%D0%B1%D0%B5%D0%B7%D0%BF%D0%B5%D0%BA%D0%B8-%D0%BF%D1%80%D0%B8-%D0%BC%D0%BA%D1%96%D0%BF-%D0%B2%D0%B0%D0%BA%D0%B0%D0%BD%D1%81%D1%96%D1%8E-%D0%B7%D0%B0%D0%BA%D1%80%D0%B8%D1%82%D0%BE-at-media-law-institute-centre-for-democracy-and-rule-of-law-cedem-4449841712,Керівник/ця освітніх програм Центру стратегічних комунікацій та інформаційної безпеки при МКІП (вакансію закрито),,scraped,2026-08-15T14:08:30.935503,
e763b989087716d9,https://al.linkedin.com/jobs/view/service-advisor-for-porsche-at-volkswagen-group-4453224253,Service Advisor for Porsche,,scraped,2026-08-15T14:08:39.847742,
071f2cc908a019ff,https://al.linkedin.com/jobs/view/small-business-advisor-band-4t-at-tirana-bank-4452987684,Small Business Advisor (Band 4T),Tirana Bank,posted,2026-08-15T14:08:57.351893,991
d4261780b0482c0b,https://al.linkedin.com/jobs/view/business-analyst-at-lufthansa-industry-solutions-4451748080,Business Analyst,,scraped,2026-08-15T14:09:01.949312,
82cf10132789031d,https://al.linkedin.com/jobs/view/data-engineer-at-lufthansa-industry-solutions-4451735106,Data Engineer,,scraped,2026-08-15T14:09:08.851566,
84257014749e0c00,https://al.linkedin.com/jobs/view/data-analyst-at-lufthansa-industry-solutions-4450146298,Data Analyst,,scraped,2026-08-15T14:09:15.526809,
baf44d0dfa890186,https://al.linkedin.com/jobs/view/sales-employee-f-m-d-at-volkswagen-group-4453219295,Sales Employee (f/m/d),,scraped,2026-08-15T14:09:22.254310,
1062128cac72a34a,https://al.linkedin.com/jobs/view/junior-software-asset-management-analyst-at-deloitte-4431917598,Junior Software Asset Management Analyst,Deloitte,posted,2026-08-15T14:09:37.950375,1007
9fe1c14b378e890b,https://al.linkedin.com/jobs/view/mobile-app-developer-android-ios-at-lufthansa-industry-solutions-4450137343,Mobile App Developer (Android & iOS),,scraped,2026-08-15T14:09:40.666232,
b4bd716a362305a1,https://al.linkedin.com/jobs/view/junior-sap-mm-consultant-italian-speaking-at-engineering-albania-4449585300,Junior SAP MM Consultant (Italian-speaking),,scraped,2026-08-15T14:09:49.587248,
3b9c1ce6d0f57405,https://al.linkedin.com/jobs/view/senior-sap-fi-consultant-at-engineering-albania-4449584286,Senior SAP FI Consultant,,scraped,2026-08-15T14:09:59.929869,
fed7f07c93ef7830,https://al.linkedin.com/jobs/view/mid-level-instructional-designer-contract-remote-at-infuse-4454800031,"Mid-Level Instructional Designer (Contract, Remote)",INFUSE,posted,2026-08-15T14:10:15.527547,1009
e3027fd28f8cd14b,https://al.linkedin.com/jobs/view/b2b-content-writer-remote-contract-at-infuse-4454820794,"B2B Content Writer (Remote, Contract)",INFUSE,posted,2026-08-15T14:10:25.365022,1011
8cd8e99d09544029,https://al.linkedin.com/jobs/view/senior-instructional-designer-contract-remote-at-infuse-4454362190,"Senior Instructional Designer (Contract, Remote)",INFUSE,posted,2026-08-15T14:10:35.085871,1013
f5cd5275914d0fb7,https://al.linkedin.com/jobs/view/senior-frontend-platform-engineer-at-n8n-4452466655,Senior Frontend Platform Engineer,,scraped,2026-08-15T14:10:37.717335,
0acc6d214cc1b9ad,https://al.linkedin.com/jobs/view/lider-liderka-zmiany-at-dealz-poland-4449871110,Lider / Liderka zmiany,,scraped,2026-08-15T14:10:52.366067,
1d12cecd9a59e7fe,https://al.linkedin.com/jobs/view/lider-liderka-zmiany-at-dealz-poland-4450497998,Lider / Liderka zmiany,,scraped,2026-08-15T14:11:00.263029,
3ac6e53dc680f7f4,https://al.linkedin.com/jobs/view/lider-liderka-zmiany-at-dealz-poland-4450808176,Lider / Liderka zmiany,,scraped,2026-08-15T14:11:07.841189,
6ede259e92d928f7,https://al.linkedin.com/jobs/view/physical-therapist-at-krucial-rapid-response-4450827663,Physical Therapist,Krucial Rapid Response,posted,2026-08-15T14:11:17.874539,843
693dba21fcf655a6,https://al.linkedin.com/jobs/view/italy-certification-commercial-support-advisor-at-rina-4390954138,Italy Certification Commercial Support Advisor,,scraped,2026-08-15T14:11:20.604137,
3df9e0410277320e,https://al.linkedin.com/jobs/view/information-security-operations-specialist-at-lufthansa-industry-solutions-4451747100,Information Security Operations Specialist,,scraped,2026-08-17T14:13:25.455510,
86bd68bbe4f4bec6,https://al.linkedin.com/jobs/view/web-security-engineer-at-lufthansa-industry-solutions-4451749068,Web Security Engineer,,scraped,2026-08-17T14:13:32.278942,
48820aa9e5416250,https://al.linkedin.com/jobs/view/seo-content-specialist-at-publer-4451497765,SEO & Content Specialist,,scraped,2026-08-17T14:13:40.974854,
e2277d76b7231d74,https://al.linkedin.com/jobs/view/technical-associate-i-fan-lab-at-the-picower-institute-for-learning-and-memory-4451176745,"TECHNICAL ASSOCIATE I, FAN LAB",The Picower Institute for Learning and Memory,posted,2026-08-17T14:14:04.707591,1015
4319ef2e762c884a,https://al.linkedin.com/jobs/view/senior-product-manager-enterprise-at-n8n-4453075316,Senior Product Manager (Enterprise),,scraped,2026-08-17T14:14:13.260319,
787da937062822b7,https://al.linkedin.com/jobs/view/sales-supervisor-for-medical-tourism-at-embrace-albania-4454012668,Sales supervisor for medical tourism,,scraped,2026-08-17T14:14:29.589849,
65159682c3569370,https://al.linkedin.com/jobs/view/full-stack-developer-at-zero-absolute-4453704856,Full Stack Developer,Zero Absolute,posted,2026-08-17T14:14:43.055971,1017
2769889915e189a3,https://al.linkedin.com/jobs/view/fit-reservation-manager-ctm-at-ratehawk-4452496998,FIT Reservation Manager CTM,RateHawk,posted,2026-08-17T14:14:51.255997,1019
4eb03eb532512fcd,https://al.linkedin.com/jobs/view/solar-pv-technical-director-at-kalaja-talent-consulting-4451222281,Solar Pv Technical Director,,scraped,2026-08-17T14:14:55.906404,
792d664c2fac2667,https://al.linkedin.com/jobs/view/senior-in-financial-audit-%E2%80%93-pwc-emea-acceleration-centre-at-pwc-albania-and-kosovo-4442684359,Senior in Financial Audit – PwC EMEA Acceleration Centre,PwC Albania and Kosovo,posted,2026-08-17T14:15:12.018446,1021
0a5073da5b0e77a9,https://al.linkedin.com/jobs/view/support-systems-engineer-l2l3-at-zella-technologies-4452992926,SUPPORT & SYSTEMS ENGINEER (L2L3),Zella Technologies,posted,2026-08-17T14:15:20.890415,1023
692034d005ea9255,https://al.linkedin.com/jobs/view/inxhinier-gjeodet-infrastruktur%C3%AB-at-balfin-construction-4455128448,Inxhinier Gjeodet (Infrastrukturë),Balfin Construction,posted,2026-08-17T14:15:33.641172,1025
dede8b7396ca96a7,https://al.linkedin.com/jobs/view/international-consultant-%E2%80%93-development-of-assistive-technology-roadmap-for-the-education-system-albania-4-months-remote-%23595029-at-unicef-chad-4449864976,"International Consultant – Development of Assistive Technology Roadmap for the Education System, Albania, 4 months (remote) #595029",Unicef CHAD,posted,2026-08-17T14:15:46.035121,1027
93d39f3dabca8739,https://al.linkedin.com/jobs/view/fundraising-program-development-coordinator-at-esd-albania-4451734091,Fundraising & Program Development Coordinator,ESD Albania,posted,2026-08-17T14:15:55.291675,1029
7081e60b67b97149,https://al.linkedin.com/jobs/view/freelance-at-firstsource-4452394298,Freelance,,scraped,2026-08-17T14:15:57.943647,
0e53d8c35c73e9d2,https://al.linkedin.com/jobs/view/internship-ecommerce-specialist-at-shero-commerce-4454527572,Internship | eCommerce Specialist,Shero Commerce,posted,2026-08-17T14:16:10.469156,1031
7311691f9427b04a,https://al.linkedin.com/jobs/view/ai-architect-igaming-at-neurons-lab-4452469483,AI Architect (iGaming),,scraped,2026-08-17T14:16:15.104618,
aa19f3e1e3085f7a,https://al.linkedin.com/jobs/view/english-c1-technical-support-consultant-vps-trading-global-remote-at-supportyourapp-4453123516,"(English C1) Technical Support Consultant, VPS & Trading (Global, remote)",SupportYourApp,posted,2026-08-17T14:16:29.704278,1033
59fe35cfc4898960,https://al.linkedin.com/jobs/view/analyst-senior-analyst-associate-manager-marketing-analytics-bangkok-based-relocation-provided-at-agoda-4410540365,"Analyst/Senior Analyst/Associate Manager, Marketing Analytics (Bangkok Based, relocation provided)",Agoda,posted,2026-08-17T14:16:42.270420,1035
c542527186e5db82,https://al.linkedin.com/jobs/view/analyst-senior-analyst-pricing-marketing-bangkok-based-relocation-provided-at-agoda-4410539375,"Analyst/ Senior Analyst, Pricing Marketing (Bangkok Based, relocation provided)",Agoda,posted,2026-08-17T14:16:54.084318,1037
af91eaef88898944,https://al.linkedin.com/jobs/view/marketing-specialist-at-archigenius-studio-4455133426,Marketing Specialist,Archigenius Studio,posted,2026-08-17T14:17:01.002581,293
75178a392ce05355,https://al.linkedin.com/jobs/view/graphic-designer-at-tribus-marketing-4455257851,Graphic Designer,Tribus Marketing,posted,2026-08-17T14:17:20.953869,1039
9b224e88a1fe4405,https://al.linkedin.com/jobs/view/di%C3%A9t%C3%A9ticien-h-f-at-groupe-hospitalier-artois-ternois-4452248454,Diététicien H/F,,scraped,2026-08-17T14:17:23.474727,
5fbdde4da6a22cfd,https://al.linkedin.com/jobs/view/senior-analyst-app-marketing-bangkok-based-relocation-provided-at-agoda-4410540383,"Senior Analyst, App Marketing (Bangkok Based, Relocation Provided)",Agoda,posted,2026-08-17T14:17:47.130427,1041
bcf994362c9d3ca7,https://al.linkedin.com/jobs/view/technology-marketing-specialist-4455256619,Technology Marketing Specialist,Infosoft Systems shpk,posted,2026-08-17T14:18:08.078576,1043
250e40fea124ee88,https://al.linkedin.com/jobs/view/human-resources-specialist-at-ccbs-4452252449,Human Resources Specialist,,scraped,2026-08-17T14:18:10.702306,
06dbb7349b183e45,https://al.linkedin.com/jobs/view/sales-representative-at-eteacher-group-4454255646,Sales Representative,,scraped,2026-08-17T14:18:20.237387,
d9e085a2a0fc698f,https://al.linkedin.com/jobs/view/cadre-de-sant%C3%A9-sau-upu-h-f-at-groupe-hospitalier-artois-ternois-4452267193,Cadre de santé - SAU-UPU H/F,,scraped,2026-08-17T14:18:26.737600,
da65e4673b9bec0b,https://al.linkedin.com/jobs/view/drejtor-i-prodhimit-production-director-at-atronix-4455301219,Drejtor i Prodhimit/Production Director,,scraped,2026-08-17T14:18:36.454574,
c3cd6176a2aab28b,https://al.linkedin.com/jobs/view/specialist-marketingu-2rm-lab-at-dm-consulting-services-4452245446,Specialist Marketingu (2RM Lab),DM Consulting Services,posted,2026-08-17T14:18:56.770645,1045
8c71780978fd81e2,https://al.linkedin.com/jobs/view/test-senior-specialist-maternity-leave-replacement-at-flutter-international-4451678903,Test Senior Specialist (Maternity Leave Replacement),,scraped,2026-08-17T14:18:59.457218,
54ef5e4470c0ecdd,https://al.linkedin.com/jobs/view/sap-abap-developer-italian-speaking-permanent-at-engineering-albania-4449579273,SAP ABAP Developer (Italian-speaking / Permanent),,scraped,2026-08-17T14:19:06.560745,
92f34d78442215bc,https://al.linkedin.com/jobs/view/asistente-ekzekutive-at-atronix-4455282519,Asistente Ekzekutive,,scraped,2026-08-17T14:19:13.832245,
760f9027b3b8e2d6,https://al.linkedin.com/jobs/view/medical-sales-representative-aesthetic-injectable-portfolio-at-lasermed-shpk-4452252198,Medical Sales Representative (Aesthetic & Injectable portfolio),,scraped,2026-08-17T14:19:23.741491,
74557300297f1276,https://al.linkedin.com/jobs/view/senior-accountant-at-hr-master-al-4452264040,Senior Accountant,HR Master AL,posted,2026-08-17T14:19:34.488359,139
4c5c8b7bf8fe22bf,https://al.linkedin.com/jobs/view/chief-legal-officer-at-kredo-al-4455270735,Chief Legal Officer,,scraped,2026-08-17T14:19:37.182004,
9b3d5cdbe0ec56fd,https://al.linkedin.com/jobs/view/physical-therapist-at-krucial-rapid-response-4450842471,Physical Therapist,Krucial Rapid Response,posted,2026-08-17T14:19:47.820504,843
605c34f65f2a0ce9,https://al.linkedin.com/jobs/view/platform-product-manager-at-happy-happy-pay-4452249605,Platform & product manager,,scraped,2026-08-17T14:19:50.401684,
55eea8ff72d2ea85,https://al.linkedin.com/jobs/view/recruitment-assistant-data-entry-internship-at-warwick-search-shpk-4455301570,Recruitment Assistant / Data Entry - Internship,Warwick Search shpk,posted,2026-08-17T14:20:05.282766,1047
2ab391befe8d62a4,https://al.linkedin.com/jobs/view/business-development-internship-english-at-warwick-search-shpk-4455281810,Business Development Internship - English,Warwick Search shpk,posted,2026-08-17T14:20:14.822961,1049
6581c4341b8995f4,https://al.linkedin.com/jobs/view/architect-at-orion-shpk-4452584020,Architect,,scraped,2026-08-19T14:19:31.751384,
2ad7589b76962f5a,https://al.linkedin.com/jobs/view/hotel-cleanliness-expert-at-marriott-international-4454274929,Hotel Cleanliness Expert,Marriott International,posted,2026-08-19T14:19:48.330807,1051
98febe023a10cf13,https://al.linkedin.com/jobs/view/account-manager-at-bulls-vision-group-4452595372,Account Manager,,scraped,2026-08-19T14:19:52.963550,
651f20efe930d1b5,https://al.linkedin.com/jobs/view/arkitekt-e-at-nob-4451268013,Arkitekt / e,,scraped,2026-08-19T14:19:59.411054,
1f57eff85564662b,https://al.linkedin.com/jobs/view/sales-support-associate-at-wolt-4454703541,Sales Support Associate,,scraped,2026-08-19T14:20:05.874230,
fd02fc847e5c3ba3,https://al.linkedin.com/jobs/view/junior-order-fulfillment-manager-at-auto1-group-4454772032,Junior Order Fulfillment Manager,,scraped,2026-08-19T14:20:13.331361,
072594e6610df120,https://al.linkedin.com/jobs/view/power-bi-developer-at-2smart-systems-4452239728,POWER BI DEVELOPER,,scraped,2026-08-19T14:20:21.281575,
294c44df48a56dc0,https://al.linkedin.com/jobs/view/accounting-fiscal-specialist-at-public-accounting-services-union-trust-4456188060,Accounting & Fiscal Specialist,Public Accounting Services Union & Trust,posted,2026-08-19T14:20:41.227760,1053
dc924856616e119a,https://al.linkedin.com/jobs/view/fundraiser-grant-writer-at-prorecruit-al-4451255397,Fundraiser / Grant Writer,ProRecruit.al,posted,2026-08-19T14:20:50.599630,1055
da1b666afc6cb0e0,https://al.linkedin.com/jobs/view/global-safety-specialist-at-domp%C3%A9-4454031922,Global Safety Specialist,,scraped,2026-08-19T14:20:55.220389,
085521fe987aff5f,https://al.linkedin.com/jobs/view/real-estate-agent-at-century-21-gold-albania-4449646742,Real Estate Agent,,scraped,2026-08-19T14:21:02.270983,
8e05266d2a30a7a1,https://al.linkedin.com/jobs/view/zyrtar-i-riskut-t%C3%AB-kredive-cro-at-procredit-bank-albania-4456179671,Zyrtar i Riskut të Kredive (CRO),,scraped,2026-08-19T14:21:16.645683,
ce55ca9c2dac83b7,https://al.linkedin.com/jobs/view/account-manager-wineland-albania-at-dm-consulting-services-4452588126,Account Manager (WineLand Albania),DM Consulting Services,posted,2026-08-19T14:21:33.968517,1057
09ccf11824c598bc,https://al.linkedin.com/jobs/view/search-engine-optimization-specialist-at-rotate-digital-4454701791,Search Engine Optimization Specialist,Rotate Digital,posted,2026-08-19T14:21:44.556879,1059
8028012ed6e33c9e,https://al.linkedin.com/jobs/view/medical-sales-representative-at-evergreen-4451740417,Medical Sales Representative,,scraped,2026-08-19T14:21:49.124207,
21f67fe86d79d311,https://al.linkedin.com/jobs/view/it-specialist-at-uhoh-com-4451263937,IT Specialist,uhoh.com,posted,2026-08-19T14:22:01.846677,1061
1fbde168e51e5111,https://al.linkedin.com/jobs/view/real-estate-agent-at-remax-vizion-4454771043,Real Estate Agent,,scraped,2026-08-19T14:22:04.481648,
f4bcf81b5ce3a12b,https://al.linkedin.com/jobs/view/physical-therapist-at-krucial-rapid-response-4450822788,Physical Therapist,Krucial Rapid Response,posted,2026-08-19T14:22:26.210388,843
534c88b2f933e825,https://al.linkedin.com/jobs/view/sales-specialist-at-iva-elektronik-4453453155,Sales Specialist,IVA Elektronik,posted,2026-08-19T14:22:35.141894,749
94f38062f71d60a8,https://al.linkedin.com/jobs/view/cloud-support-engineer-at-sicpa-4452270300,Cloud Support Engineer,,scraped,2026-08-19T14:22:43.933803,
d48e5cccea2365ac,https://al.linkedin.com/jobs/view/social-media-marketing-specialist-at-klar-sh-p-k-4452584314,Social Media Marketing Specialist,Klar Sh.P.K,posted,2026-08-19T14:22:59.438625,555
8c9125a9fa1bd5cc,https://al.linkedin.com/jobs/view/asistente-dentare-at-omnes-agency-4453457224,Asistente dentare,,scraped,2026-08-19T14:23:02.038313,
8bafc817568dbee9,https://al.linkedin.com/jobs/view/inxhinier-nd%C3%ABrtimi-at-gr-albania-4456174702,Inxhinier Ndërtimi,,scraped,2026-08-19T14:23:13.186331,
f636399aee26f46c,https://al.linkedin.com/jobs/view/field-reporter-at-shekulli-online-4453418453,Field reporter,,scraped,2026-08-19T14:23:20.150501,
2df420fb6cbf8ffd,https://al.linkedin.com/jobs/view/sales-representative-at-dimension-hr-4452576544,Sales Representative,,scraped,2026-08-19T14:23:26.781046,
c31d440a37c58736,https://al.linkedin.com/jobs/view/process-flow-specialist-back-office-f-m-x-at-enpal-4445985974,Process Flow Specialist | Back Office (f/m/x),,scraped,2026-08-19T14:23:38.415643,
01f530ea78e0ba0d,https://al.linkedin.com/jobs/view/senior-data-engineer-at-mwdn-4454763487,Senior Data Engineer,MWDN,posted,2026-08-19T14:23:55.930566,1063
ebd2512ec9b3fd15,https://al.linkedin.com/jobs/view/fluent-english-senior-full-stack-developer-python-java-react-at-supportyourapp-4444444515,(fluent English) Senior Full-Stack Developer (Python/Java/React),SupportYourApp,posted,2026-08-19T14:24:04.870836,1065
2c0d5f11ff027381,https://al.linkedin.com/jobs/view/auditues-i-brendsh%C3%ABm-at-nepune-com-4453415870,Auditues i brendshëm,,scraped,2026-08-19T14:24:07.515632,
98e1ad560ee989bb,https://al.linkedin.com/jobs/view/inxhinier-e-nd%C3%ABrtimi-at-rekrutime-agikons-4452567505,Inxhinier/e Ndërtimi,Rekrutime Agikons,posted,2026-08-19T14:24:25.178565,1067
88877b04ef349a8b,https://al.linkedin.com/jobs/view/french-speaking-customer-care-specialist-at-acca19-4453410857,French Speaking Customer Care Specialist,,scraped,2026-08-19T14:24:27.761933,
734c70087f52cbd3,https://al.linkedin.com/jobs/view/menaxher-projektesh-inxhinier-elektrik-at-smart-home-albania-4450488671,Menaxher Projektesh (Inxhinier Elektrik),,scraped,2026-08-19T14:24:38.078343,
904eaeb7635f05ea,https://al.linkedin.com/jobs/view/chief-legal-officer-kredo-finance-at-asel-albania-4452589150,Chief Legal Officer (Kredo Finance),ASEL Albania,posted,2026-08-19T14:24:53.125412,1069
45c08d58d0301a54,https://al.linkedin.com/jobs/view/german-sales-expert-at-acca19-4452205061,German Sales Expert,,scraped,2026-08-19T14:24:55.787932,
737bfaee6659fde8,https://al.linkedin.com/jobs/view/paediatric-ophthalmologist-at-medicareer-consultants-%E2%80%93-free-doctor-jobs-healthcare-recruitment-4454202411,Paediatric ophthalmologist,,scraped,2026-08-19T14:25:07.969589,
d808092301c153c7,https://al.linkedin.com/jobs/view/admissions-advisor-bilingual-%E2%80%93-spanish-at-oregon-state-university-4454830604,Admissions Advisor (Bilingual – Spanish),Oregon State University,posted,2026-08-19T14:25:22.177764,1071
8e36121d25bf0b51,https://al.linkedin.com/jobs/view/sap-mm-collaborator-at-engineering-albania-4440452580,SAP MM Collaborator,,scraped,2026-08-19T14:25:24.893987,
e6ced034f55fedb8,https://al.linkedin.com/jobs/view/instructor-pool-2026-2027-counseling-at-oregon-state-university-4455370098,Instructor Pool - 2026-2027: Counseling,Oregon State University,posted,2026-08-19T14:25:47.197967,1073
f55d39f827383b87,https://al.linkedin.com/jobs/view/growth-marketing-development-specialist-at-ploomo-4454923899,Growth & Marketing Development Specialist,,scraped,2026-08-19T14:26:05.793452,
178c58897b46355c,https://al.linkedin.com/jobs/view/senior-project-manager-remote-contract-at-infuse-4455377297,"Senior Project Manager (Remote, Contract)",INFUSE,posted,2026-08-19T14:26:14.574346,597
dc9d60662c8c82cf,https://al.linkedin.com/jobs/view/community-brand-storytelling-manager-at-ploomo-4454991030,Community & Brand Storytelling Manager,,scraped,2026-08-19T14:26:17.242314,
0527cbdb8ce075fd,https://al.linkedin.com/jobs/view/creative-producer-ai-content-specialist-at-ploomo-4454950154,Creative Producer / AI Content Specialist,,scraped,2026-08-19T14:26:27.619934,
59c2fc5da1374e63,https://al.linkedin.com/jobs/view/account-manager-4456388068,Account Manager,-,posted,2026-08-21T14:20:59.184178,513
c73de68723365b34,https://al.linkedin.com/jobs/view/sales-specialist-4453804175,Sales Specialist,Company,posted,2026-08-21T14:21:06.085640,749
e1a8829c91e84669,https://al.linkedin.com/jobs/view/financier-at-swiss-approval-albania-4456712328,Financier,,scraped,2026-08-21T14:21:10.676676,
6c44ac29ab54ca28,https://al.linkedin.com/jobs/view/senior-accountant-4456477512,Senior Accountant,SJ Consulting shpk,posted,2026-08-21T14:21:25.083196,139
3b6d696e7a8e7fe1,https://al.linkedin.com/jobs/view/accounts-payable-manager-at-auto1-group-4455696858,Accounts Payable Manager,,scraped,2026-08-21T14:21:27.648844,
33a0403b79cb5728,https://al.linkedin.com/jobs/view/drejtor-strukture-hoteliere-at-rekrutime-agikons-4453858701,Drejtor Strukture Hoteliere,Rekrutime Agikons,posted,2026-08-21T14:21:45.060241,1075
a2418db24608c34c,https://al.linkedin.com/jobs/view/jr-operations-associate-at-bulls-vision-group-4453887960,JR Operations Associate,,scraped,2026-08-21T14:21:47.651903,
b500239e5f1c7f26,https://al.linkedin.com/jobs/view/microsoft-dynamics-365-business-central-developer-mid%E2%80%93senior-at-onetech-drive-digital-transformation-4456723945,Microsoft Dynamics 365 Business Central Developer (Mid–Senior),OneTech - Drive Digital Transformation,posted,2026-08-21T14:22:07.295070,1077
c1e663f21a2d0542,https://al.linkedin.com/jobs/view/specialist-i-riskut-t%C3%AB-kredive-at-procredit-bank-albania-4456179671,Specialist i Riskut të Kredive,,scraped,2026-08-21T14:22:09.881666,
78b64973a26cb6f3,https://al.linkedin.com/jobs/view/menaxher-hoteli-saturn-aparthotel-at-ecommerce-albania-4454185943,Menaxher Hoteli (Saturn ApartHotel),Ecommerce-Albania,posted,2026-08-21T14:22:23.890272,1079
6feaaa8b8eb17ccc,https://al.linkedin.com/jobs/view/affiliate-creator-community-manager-at-growth-solutions-shpk-4452805330,Affiliate & Creator Community Manager,Growth Solutions ShPk,posted,2026-08-21T14:22:35.289367,1081
9ca9a62d51acc454,https://al.linkedin.com/jobs/view/analist-i-riskut-t%C3%AB-kredive-at-procredit-bank-albania-4456168688,Analist i Riskut të Kredive,,scraped,2026-08-21T14:22:37.895057,
b5432e15d0d2a60d,https://al.linkedin.com/jobs/view/purchase-specialist-at-fintrade-sh-p-k-4456725661,Purchase Specialist,,scraped,2026-08-21T14:22:44.796385,
6ff299a5f9eb215a,https://al.linkedin.com/jobs/view/agjent-shitjesh-n%C3%AB-terren-at-ozzo-4454638346,Agjent Shitjesh në terren,,scraped,2026-08-21T14:22:57.742603,
ac14870b8105bf5b,https://al.linkedin.com/jobs/view/teknologe-at-omnes-agency-4453882094,Teknologe,,scraped,2026-08-21T14:23:04.673534,
f4e6ed14c2406e1e,https://al.linkedin.com/jobs/view/customer-care-agent-at-flutter-international-4446060741,Customer Care Agent,,scraped,2026-08-21T14:23:13.041393,
88c634cf88b643f7,https://al.linkedin.com/jobs/view/senior-software-architect-at-lorena-gjeta-4453877405,Senior Software Architect,Lorena Gjeta,posted,2026-08-21T14:23:31.084546,1083
02556bb099fe421d,https://al.linkedin.com/jobs/view/hardware-services-engineer-at-mellon-group-4456767134,Hardware Services Engineer,Mellon Group,posted,2026-08-21T14:23:49.652666,1085
64f0cf61f125cdf2,https://al.linkedin.com/jobs/view/copywriter-communications-manager-at-duka-group-4454625451,Copywriter & Communications Manager,,scraped,2026-08-21T14:23:52.251343,
47b84f1256524930,https://al.linkedin.com/jobs/view/gestionnaire-sinistres-h-f-arras-at-gan-assurances-4445999357,Gestionnaire sinistres H/F - Arras,,scraped,2026-08-21T14:24:00.769413,
3cffc346acded39e,https://al.linkedin.com/jobs/view/service-delivery-project-coordinator-at-zella-technologies-4454433866,Service Delivery & Project Coordinator,Zella Technologies,posted,2026-08-21T14:24:14.505081,1087
f6561c7a2799e864,https://al.linkedin.com/jobs/view/registered-nurse-at-greenfields-4452233666,Registered Nurse,Greenfields,posted,2026-08-21T14:24:28.511934,1089
4811fe2a73f6c68a,https://al.linkedin.com/jobs/view/inxhinier-teknolog-betoni-concrete-technologist-petro-beqiri-shpk-at-dm-consulting-services-4454191679,Inxhinier Teknolog Betoni / Concrete Technologist (Petro Beqiri Shpk),DM Consulting Services,posted,2026-08-21T14:24:43.004529,1091
fe0b98ca1818791e,https://al.linkedin.com/jobs/view/business-development-manager-overseas-manpower-immigration-europe-at-trivial-chapter-europe-4456011416,Business Development Manager - Overseas Manpower & Immigration (Europe),Trivial Chapter Europe,posted,2026-08-21T14:24:51.127182,1093
2c4c63959b8233f6,https://al.linkedin.com/jobs/view/tirana-cabin-crew-opportunities-dubai-based-relocation-provided-at-emirates-4451726194,"Tirana Cabin Crew Opportunities (Dubai Based, Relocation Provided)",Emirates,posted,2026-08-21T14:25:16.590115,1095
bc13b4e357e3591a,https://al.linkedin.com/jobs/view/program-praktike-praktikant-ne-zyrat-qendrore-at-tirana-bank-4455679617,Program Praktike - Praktikant ne Zyrat Qendrore,Tirana Bank,posted,2026-08-21T14:25:31.511174,1097
ed24ff9ba98150d7,https://al.linkedin.com/jobs/view/account-manager-at-lango-4454786505,Account Manager,Lango,posted,2026-08-21T14:25:38.382972,513
5440dc8f38a821c9,https://al.linkedin.com/jobs/view/electrical-design-engineer-power-generation-systems-%E2%80%93-alabama-at-abilitylinks-4456203821,"Electrical Design Engineer, Power Generation Systems – Alabama",AbilityLinks,posted,2026-08-21T14:25:46.734666,1099
afe56ea06cb06d94,https://al.linkedin.com/jobs/view/zast%C4%99pca-zast%C4%99pczyni-kierownika-sklepu-dealz-at-dealz-poland-4453447809,Zastępca / Zastępczyni Kierownika Sklepu Dealz,,scraped,2026-08-21T14:25:51.281945,
bc26097be7d018e5,https://al.linkedin.com/jobs/view/advisor-i-customer-service-in-german-and-english-at-concentrix-4446038959,"Advisor I, Customer Service in German and English",Concentrix,posted,2026-08-21T14:26:06.088684,1101
67836eb3811f99c9,https://al.linkedin.com/jobs/view/partnerships-collaborations-coordinator-at-ploomo-4454920874,Partnerships & Collaborations Coordinator,,scraped,2026-08-21T14:26:20.779964,
e948bbaf1af6473d,https://al.linkedin.com/jobs/view/praca-dodatkowa-w-sklepie-dealz-at-dealz-poland-4451219842,Praca dodatkowa w Sklepie Dealz,,scraped,2026-08-21T14:26:27.356389,
965dc1d6d6ef5667,https://al.linkedin.com/jobs/view/praca-dodatkowa-w-sklepie-dealz-at-dealz-poland-4452263806,Praca dodatkowa w Sklepie Dealz,,scraped,2026-08-21T14:26:34.662684,
6de633425e4d8836,https://al.linkedin.com/jobs/view/praca-dodatkowa-w-sklepie-dealz-at-dealz-poland-4453437819,Praca dodatkowa w Sklepie Dealz,,scraped,2026-08-21T14:26:42.017639,
f788489a06feac8d,https://al.linkedin.com/jobs/view/praca-dodatkowa-w-sklepie-dealz-at-dealz-poland-4453451775,Praca dodatkowa w Sklepie Dealz,,scraped,2026-08-21T14:26:49.115893,
0dfc1b6a7f370978,https://al.linkedin.com/jobs/view/praca-dodatkowa-w-sklepie-dealz-at-dealz-poland-4452257833,Praca dodatkowa w Sklepie Dealz,,scraped,2026-08-21T14:26:56.108637,
b9778def1cbfa6a7,https://al.linkedin.com/jobs/view/praca-dodatkowa-w-sklepie-dealz-at-dealz-poland-4452257832,Praca dodatkowa w Sklepie Dealz,,scraped,2026-08-21T14:27:03.168603,
59a1a554cb811429,https://al.linkedin.com/jobs/view/praca-dodatkowa-w-sklepie-dealz-at-dealz-poland-4452254852,Praca dodatkowa w Sklepie Dealz,,scraped,2026-08-21T14:27:10.380873,
b0a98e0baeba928a,https://al.linkedin.com/jobs/view/praca-dodatkowa-w-sklepie-dealz-at-dealz-poland-4451234724,Praca dodatkowa w Sklepie Dealz,,scraped,2026-08-21T14:27:17.932895,
b7fa3e8160850582,https://al.linkedin.com/jobs/view/praca-dodatkowa-w-sklepie-dealz-at-dealz-poland-4454119044,Praca dodatkowa w Sklepie Dealz,,scraped,2026-08-21T14:27:24.948161,
83b75d5c4fe5c9c5,https://al.linkedin.com/jobs/view/praca-dodatkowa-w-sklepie-dealz-at-dealz-poland-4454124012,Praca dodatkowa w Sklepie Dealz,,scraped,2026-08-21T14:27:32.336611,
c4ae3d45c2ee756e,https://al.linkedin.com/jobs/view/payroll-specialist-at-roadway-moving-4452502140,Payroll Specialist,Roadway Moving,posted,2026-08-23T14:03:46.048266,1103
602c3a3001a10387,https://al.linkedin.com/jobs/view/cro-specialist-dtc-e-commerce-100%25-remote-eu-at-foxelli-group-4455765020,CRO Specialist | DTC E-commerce | 100% Remote EU,,scraped,2026-08-23T14:03:54.638970,
4eda0437b05de717,https://al.linkedin.com/jobs/view/specialist-i-prokurimeve-at-omnes-agency-4455572777,Specialist i Prokurimeve,,scraped,2026-08-23T14:04:02.797781,
18e51f0c39570699,https://al.linkedin.com/jobs/view/specialist-e-rekrutimi-at-megatek-s-a-4454120282,Specialist/e Rekrutimi,,scraped,2026-08-23T14:04:13.416742,
5f912806134c4c3d,https://al.linkedin.com/jobs/view/applied-ai-engineer-at-block-labs-4456262245,Applied AI Engineer,,scraped,2026-08-23T14:04:24.520865,
4e5916b3a3b45db3,https://al.linkedin.com/jobs/view/asistent-p%C3%ABr-zhvillimin-e-partner%C3%ABve-4455726873,Asistent për Zhvillimin e Partnerëve,Start- Up...........,posted,2026-08-23T14:04:40.668713,1105
395cb345d50ce0bc,https://al.linkedin.com/jobs/view/assistente-amministrativo-risorse-umane-at-selecta-digital-albania-4454645320,Assistente amministrativo risorse umane,,scraped,2026-08-23T14:04:43.293627,
85568bf7eaeb1c4f,https://al.linkedin.com/jobs/view/marketing-informues-b2b-frengjisht-at-hitweb-it-4453897278,Marketing informues B2B -Frengjisht,Hitweb.it,posted,2026-08-23T14:05:22.977628,1107
16a85f3c3510bd60,https://al.linkedin.com/jobs/view/tax-advisory-senior-associate-at-pwc-albania-and-kosovo-4446429324,Tax Advisory Senior Associate,PwC Albania and Kosovo,posted,2026-08-23T14:05:34.067808,1109
a70b25053942dce1,https://al.linkedin.com/jobs/view/audit-assurance-senior-analyst-at-acca-careers-4457897117,Audit & Assurance Senior Analyst,,scraped,2026-08-23T14:05:36.612355,
4ec9df87b8eae01d,https://al.linkedin.com/jobs/view/operations-digital-admin-assistant-at-adsolution-4456471782,Operations & Digital Admin Assistant,,scraped,2026-08-23T14:05:43.210966,
63fcdb2716581b59,https://al.linkedin.com/jobs/view/koordinatore-b2b-fusha-e-mjek%C3%ABsis%C3%AB-at-serenity-medassist-serenitylab-4454658989,Koordinatore B2B - Fusha e Mjekësisë,,scraped,2026-08-23T14:05:54.710645,
c42a445e211c668a,https://al.linkedin.com/jobs/view/physical-therapist-at-krucial-rapid-response-4454130948,Physical Therapist,Krucial Rapid Response,posted,2026-08-23T14:06:09.828131,843
0d5d88ef8db81d8a,https://al.linkedin.com/jobs/view/pharmaceutical-medical-representative-at-partners-pharma-4457316189,Pharmaceutical Medical Representative,,scraped,2026-08-23T14:06:20.372182,
d4130c9d01e62336,https://al.linkedin.com/jobs/view/administrative-assistant-executive-chef-melia-durres-at-meli%C3%A1-hotels-international-4448309163,Administrative Assistant Executive Chef - Melia Durres,Meliá Hotels International,posted,2026-08-23T14:06:43.082567,1111
63899e14ee5b59ef,https://al.linkedin.com/jobs/view/roupeiro-at-saasuji-4455033768,Roupeiro,Saasuji,posted,2026-08-23T14:06:53.396497,1113
e246b495b0f563b6,https://al.linkedin.com/jobs/view/un-women-international-senior-gender-mainstreaming-and-eu-integration-adviser-s-tirane-albania-consultancy-contract-at-un-women-4456324172,"UN Women: International senior gender mainstreaming and EU integration adviser/s, Tirane, Albania, Consultancy Contract",UN Women,posted,2026-08-23T14:07:03.419530,1115
1641bb9d49d1b088,https://al.linkedin.com/jobs/view/medical-secretary-at-international-hair-clinic-s-4454636568,Medical Secretary,International Hair Clinic's,posted,2026-08-23T14:07:14.455652,1117
51ec7d9ab9339a1e,https://al.linkedin.com/jobs/view/beauty-sales-specialist-at-harding%2B-4453411777,Beauty Sales Specialist,,scraped,2026-08-23T14:07:19.072147,
47ffb905081711e0,https://al.linkedin.com/jobs/view/senior-salesforce-developer-at-assist-digital-4453451806,Senior Salesforce Developer,,scraped,2026-08-23T14:07:27.055758,
6bc19fb4962f9d46,https://al.linkedin.com/jobs/view/information-technology-manager-at-we-are-fiber-4452265317,Information Technology Manager,We Are Fiber,posted,2026-08-23T14:07:46.234140,1119
69bdba67cc6feae2,https://al.linkedin.com/jobs/view/inxhinier-nd%C3%ABrtimi-ed-konstruksion-shpk-at-asel-albania-4454196746,Inxhinier Ndërtimi (ED KONSTRUKSION SHPK),ASEL Albania,posted,2026-08-23T14:08:00.098296,1121
dd81ec0d48e8d9a3,https://al.linkedin.com/jobs/view/senior-cybersecurity-expert-%E2%80%93-ai-security-at-talent-al-4454662117,Senior Cybersecurity Expert – AI Security,,scraped,2026-08-23T14:08:04.722205,
b34a2761f2154738,https://al.linkedin.com/jobs/view/customer-service-advisor-in-italian-at-concentrix-4454112554,Customer Service Advisor in Italian,Concentrix,posted,2026-08-23T14:08:34.556147,1123
8167b1ae0dedeede,https://al.linkedin.com/jobs/view/receptionist-facilities-assistant-at-concentrix-4454660018,Receptionist/Facilities Assistant,Concentrix,posted,2026-08-23T14:08:48.217410,1125
421c203f1769f522,https://al.linkedin.com/jobs/view/identity-trust-fraud-intelligence-expert-ai-community-at-telus-digital-ai-data-solutions-4455334460,Identity Trust & Fraud Intelligence Expert (AI Community),TELUS Digital AI Data Solutions,posted,2026-08-23T14:08:59.688324,1127
20c6199b47a7edac,https://al.linkedin.com/jobs/view/identity-trust-fraud-intelligence-expert-ai-community-at-telus-digital-ai-data-solutions-4455332466,Identity Trust & Fraud Intelligence Expert (AI Community),TELUS Digital AI Data Solutions,scraped,2026-08-23T14:09:03.776302,
762f3975d6aa04ba,https://al.linkedin.com/jobs/view/identity-trust-fraud-intelligence-expert-ai-community-at-telus-digital-ai-data-solutions-4455351209,Identity Trust & Fraud Intelligence Expert (AI Community),TELUS Digital AI Data Solutions,posted,2026-08-23T14:09:08.580835,1127
4e4398cb9d4cd4b2,https://al.linkedin.com/jobs/view/praca-dodatkowa-w-sklepie-dealz-at-dealz-poland-4452801922,Praca dodatkowa w Sklepie Dealz,,scraped,2026-08-23T14:09:19.093139,
d9ad78391243f8b4,https://al.linkedin.com/jobs/view/social-media-manager-at-buzi-store-4458732001,Social Media Manager,,scraped,2026-08-25T14:30:06.109998,
21177addb18e91d9,https://al.linkedin.com/jobs/view/sales-coordinator-at-smart-home-albania-4455854917,Sales Coordinator,,scraped,2026-08-25T14:30:15.428236,
0876266a30cddc25,https://al.linkedin.com/jobs/view/senior-architect-at-kron-construction-4458766354,Senior Architect,,scraped,2026-08-25T14:30:30.605799,
8b79d15abf9e0702,https://al.linkedin.com/jobs/view/full-stack-engineer-emea-at-deel-4455893556,Full Stack Engineer - EMEA,Deel,posted,2026-08-25T14:30:47.449378,1130
7f227c7dba14a856,https://al.linkedin.com/jobs/view/incident-managment-specialist-at-sisal-hub-albania-4458266143,Incident Managment Specialist,,scraped,2026-08-25T14:30:50.029693,
9a9cbab329036ce6,https://al.linkedin.com/jobs/view/senior-accountant-at-lmc-tirana-4458744974,Senior Accountant,,scraped,2026-08-25T14:31:01.804767,
2caf12282b60e98b,https://al.linkedin.com/jobs/view/senior-full-stack-engineer-emea-at-deel-4456507359,Senior Full Stack Engineer - EMEA,Deel,posted,2026-08-25T14:31:15.266314,1132
1c818909dd14dbc7,https://al.linkedin.com/jobs/view/sap-basis-administrator-at-service-factory-solutions-4455096412,SAP Basis Administrator,,scraped,2026-08-25T14:31:17.966058,
de6a2c740bd987c4,https://al.linkedin.com/jobs/view/full%E2%80%91stack-data-engineer-at-sicpa-4455899120,Full‑Stack Data Engineer,,scraped,2026-08-25T14:31:30.471579,
a0a4913b84136469,https://al.linkedin.com/jobs/view/cardiology-patient-navigator-at-seamless-assist-4455624179,Cardiology Patient Navigator,Seamless Assist,posted,2026-08-25T14:31:46.033599,35
9eb0e3210519de24,https://al.linkedin.com/jobs/view/menaxher-shitjesh-at-euroelektra-sh-p-k-4455857756,Menaxher Shitjesh,,scraped,2026-08-25T14:31:50.651640,
97edb21b287dd4ad,https://al.linkedin.com/jobs/view/attach%C3%A9-commercial-h-f-62-at-groupe-waterair-4446995036,Attaché Commercial h/f (62),,scraped,2026-08-25T14:31:58.566231,
f6158d80a9819ad4,https://al.linkedin.com/jobs/view/internal-listing-utility-system-operation-manager-at-city-of-tulsa-4457559014,INTERNAL LISTING-UTILITY SYSTEM OPERATION MANAGER,City of Tulsa,posted,2026-08-25T14:32:13.417118,1134
a3abe12d1f441643,https://al.linkedin.com/jobs/view/perfaqesues-shitjesh-at-porsche-holding-4458208881,Perfaqesues Shitjesh,,scraped,2026-08-25T14:32:18.060116,
0e94ef6b30d9d5b1,https://al.linkedin.com/jobs/view/director-of-food-and-beverage-at-corecruitment-ltd-4458218979,Director of Food And Beverage,,scraped,2026-08-25T14:32:26.692123,
ad23644141c6bdd3,https://al.linkedin.com/jobs/view/cristini-s-p-a-has-been-awarded-the-prestigious-%C2%AB-historic-trademark-%C2%BB-recognition-marchio-storico-at-paperfirst-4458213449,Cristini S.p.A has been awarded the prestigious « Historic Trademark » recognition (Marchio Storico) .,PaperFIRST,posted,2026-08-25T14:32:40.798969,1136
f20689d1a182cff5,https://al.linkedin.com/jobs/view/security-operations-manager-at-arpya-4452810919,Security Operations Manager,,scraped,2026-08-25T14:32:43.434851,
a1a26360cf8818e3,https://al.linkedin.com/jobs/view/kasjer-sprzedawca-kasjerka-sprzedawczyni-at-dealz-poland-4455875860,Kasjer-Sprzedawca / Kasjerka-Sprzedawczyni,,scraped,2026-08-25T14:32:50.197708,
2ddcc7107fc22c08,https://al.linkedin.com/jobs/view/real-estate-agent-at-century-21-terra-albania-4456487431,Real Estate Agent,,scraped,2026-08-25T14:32:57.465718,
d1e3f2866402f886,https://al.linkedin.com/jobs/view/graphic-design-at-i-a-international-4458208300,Graphic Design,,scraped,2026-08-25T14:33:03.884929,
08f3d290c465fc8e,https://al.linkedin.com/jobs/view/p%C3%ABrfaq%C3%ABsues-mjek%C3%ABsor-p%C3%ABr-pajisje-dhe-produkte-mjek%C3%ABsore-4455849089,Përfaqësues Mjekësor për Pajisje dhe Produkte Mjekësore,RSR ALBANIA,posted,2026-08-25T14:33:25.435575,1138
98cab1bfc1acf5ab,https://al.linkedin.com/jobs/view/test-senior-specialist-maternity-leave-replacement-at-sisal-hub-albania-4458257248,Test Senior Specialist (Maternity Leave Replacement),,scraped,2026-08-25T14:33:30.178512,
fe7cc1ff26eabfed,https://al.linkedin.com/jobs/view/database-engineer-postgresql-at-ruby-labs-4458762560,Database Engineer (PostgreSQL),Ruby Labs,posted,2026-08-25T14:33:52.249651,637
a9d9a8f7cd61ffba,https://al.linkedin.com/jobs/view/get-paid-to-record-your-voice-english-french-background-required-at-volga-partners-4457541148,Get Paid to Record Your Voice | English-French Background Required,Volga Partners,posted,2026-08-25T14:34:08.784220,1140
6d4b749bd1b8cefd,https://al.linkedin.com/jobs/view/program-praktike-bankieri-digjital-at-tirana-bank-4455691338,Program Praktike - Bankieri Digjital,Tirana Bank,posted,2026-08-25T14:34:28.606563,1142
2904a82e33fa9023,https://al.linkedin.com/jobs/view/business-development-manager-%E2%80%93-immigration-services-europe-at-trivial-chapter-europe-4458178968,Business Development Manager – Immigration Services (Europe),Trivial Chapter Europe,posted,2026-08-25T14:34:37.240661,1144
afa1bd97dfbf9cf1,https://al.linkedin.com/jobs/view/lider-liderka-zmiany-at-dealz-poland-4455880791,Lider / Liderka zmiany,,scraped,2026-08-25T14:34:47.859701,
e3b2b09e67796930,https://al.linkedin.com/jobs/view/lider-liderka-zmiany-at-dealz-poland-4455869933,Lider / Liderka zmiany,,scraped,2026-08-25T14:34:55.063224,
87f0240604854e25,https://al.linkedin.com/jobs/view/lider-liderka-zmiany-at-dealz-poland-4455880789,Lider / Liderka zmiany,,scraped,2026-08-25T14:35:02.451964,
c7b9479062a9e515,https://al.linkedin.com/jobs/view/lider-liderka-zmiany-at-dealz-poland-4455889693,Lider / Liderka zmiany,,scraped,2026-08-25T14:35:09.803762,
99619a70a8ea7470,https://al.linkedin.com/jobs/view/lider-liderka-zmiany-at-dealz-poland-4455879831,Lider / Liderka zmiany,,scraped,2026-08-25T14:35:17.139561,
88e943d7d23a9b0d,https://al.linkedin.com/jobs/view/lider-liderka-zmiany-at-dealz-poland-4455870852,Lider / Liderka zmiany,,scraped,2026-08-25T14:35:24.503617,
8e9e0241bce4a735,https://al.linkedin.com/jobs/view/lider-liderka-zmiany-at-dealz-poland-4455871916,Lider / Liderka zmiany,,scraped,2026-08-25T14:35:32.068096,
6bef890df357e7f3,https://al.linkedin.com/jobs/view/italian-speaking-customer-care-specialist-at-acca19-4454671270,Italian Speaking Customer Care Specialist,,scraped,2026-08-25T14:35:39.119242,
64082174c885959c,https://al.linkedin.com/jobs/view/k%C3%ABshillues-biznesi-durr%C3%ABs-at-procredit-bank-albania-4458189574,Këshillues Biznesi - Durrës,,scraped,2026-08-25T14:35:53.130925,
9c7936715afa0d3b,https://al.linkedin.com/jobs/view/customer-care-support-at-sisal-hub-albania-4458255339,Customer Care Support,,scraped,2026-08-25T14:36:04.208378,
3f55267747f8e671,https://al.linkedin.com/jobs/view/customer-care-agent-at-sisal-hub-albania-4458269124,Customer Care Agent,,scraped,2026-08-25T14:36:11.691750,
76adc548d5843df2,https://al.linkedin.com/jobs/view/cadre-de-sant%C3%A9-en-unit%C3%A9-sanitaires-maison-d-arr%C3%AAt-et-centre-de-d%C3%A9tention-h-f-at-groupe-hospitalier-artois-ternois-4454684361,Cadre de santé en unité sanitaires - Maison d'arrêt et Centre de détention H/F,,scraped,2026-08-25T14:36:18.194437,
0d043191b341910c,https://al.linkedin.com/jobs/view/lider-liderka-zmiany-1-2-etatu-at-dealz-poland-4455867945,Lider / Liderka zmiany (1/2 etatu),,scraped,2026-08-25T14:36:26.751425,
f5465ef8646dc3e2,https://al.linkedin.com/jobs/view/praca-dodatkowa-w-sklepie-dealz-at-dealz-poland-4455888716,Praca dodatkowa w Sklepie Dealz,,scraped,2026-08-25T14:36:33.844326,
2756b0a3a227af7a,https://al.linkedin.com/jobs/view/praca-dodatkowa-w-sklepie-dealz-at-dealz-poland-4455869932,Praca dodatkowa w Sklepie Dealz,,scraped,2026-08-25T14:36:41.397271,
475492b3d6c062ab,https://al.linkedin.com/jobs/view/praca-dodatkowa-w-sklepie-dealz-at-dealz-poland-4455889692,Praca dodatkowa w Sklepie Dealz,,scraped,2026-08-25T14:36:48.311962,
e2d6d5150af2273e,https://al.linkedin.com/jobs/view/praca-dodatkowa-w-sklepie-dealz-at-dealz-poland-4455891320,Praca dodatkowa w Sklepie Dealz,,scraped,2026-08-25T14:36:55.130789,
26cad5accd46329e,https://al.linkedin.com/jobs/view/praca-dodatkowa-w-sklepie-dealz-at-dealz-poland-4455890428,Praca dodatkowa w Sklepie Dealz,,scraped,2026-08-25T14:37:02.211315,
ccbc67137b797ea9,https://al.linkedin.com/jobs/view/praca-dodatkowa-w-sklepie-dealz-at-dealz-poland-4455869931,Praca dodatkowa w Sklepie Dealz,,scraped,2026-08-25T14:37:09.493834,
bd5b192f06a5bf38,https://al.linkedin.com/jobs/view/praca-dodatkowa-w-sklepie-dealz-at-dealz-poland-4455880788,Praca dodatkowa w Sklepie Dealz,,scraped,2026-08-25T14:37:17.099283,
da809342dc04146e,https://al.linkedin.com/jobs/view/praca-dodatkowa-w-sklepie-dealz-at-dealz-poland-4455886703,Praca dodatkowa w Sklepie Dealz,,scraped,2026-08-25T14:37:24.041081,
f8562fe8d3fe7f61,https://al.linkedin.com/jobs/view/praca-dodatkowa-w-sklepie-dealz-at-dealz-poland-4455887691,Praca dodatkowa w Sklepie Dealz,,scraped,2026-08-25T14:37:31.111087,
35da9558423a0115,https://al.linkedin.com/jobs/view/praca-dodatkowa-w-sklepie-dealz-at-dealz-poland-4455885736,Praca dodatkowa w Sklepie Dealz,,scraped,2026-08-25T14:37:37.990269,
6d69f87571d5e57c,https://al.linkedin.com/jobs/view/praca-dodatkowa-w-sklepie-dealz-at-dealz-poland-4455888713,Praca dodatkowa w Sklepie Dealz,,scraped,2026-08-25T14:37:45.294711,
865a9d0663ecd606,https://al.linkedin.com/jobs/view/praca-dodatkowa-w-sklepie-dealz-at-dealz-poland-4455881777,Praca dodatkowa w Sklepie Dealz,,scraped,2026-08-25T14:37:52.296591,
7d59a9e0d413e551,https://al.linkedin.com/jobs/view/praca-dodatkowa-w-sklepie-dealz-at-dealz-poland-4455885737,Praca dodatkowa w Sklepie Dealz,,scraped,2026-08-25T14:37:59.152774,
f6c682c8e363c837,https://al.linkedin.com/jobs/view/praca-dodatkowa-w-sklepie-dealz-at-dealz-poland-4455883785,Praca dodatkowa w Sklepie Dealz,,scraped,2026-08-25T14:38:06.146009,
802e60b589ae536e,https://al.linkedin.com/jobs/view/praca-dodatkowa-w-sklepie-dealz-at-dealz-poland-4455886705,Praca dodatkowa w Sklepie Dealz,,scraped,2026-08-25T14:38:13.184055,
aeda7c18d7177d05,https://al.linkedin.com/jobs/view/praca-dodatkowa-w-sklepie-dealz-at-dealz-poland-4455890429,Praca dodatkowa w Sklepie Dealz,,scraped,2026-08-25T14:38:20.776085,
d084853853de0c27,https://al.linkedin.com/jobs/view/praca-dodatkowa-w-sklepie-dealz-at-dealz-poland-4455888714,Praca dodatkowa w Sklepie Dealz,,scraped,2026-08-25T14:38:27.957956,
eeb3d2116d205662,https://al.linkedin.com/jobs/view/praca-dodatkowa-w-sklepie-dealz-at-dealz-poland-4455890432,Praca dodatkowa w Sklepie Dealz,,scraped,2026-08-25T14:38:34.898035,
b59aa97684983b41,https://al.linkedin.com/jobs/view/praca-dodatkowa-w-sklepie-dealz-at-dealz-poland-4455887692,Praca dodatkowa w Sklepie Dealz,,scraped,2026-08-25T14:38:42.165234,
f647b19b68bd60bf,https://al.linkedin.com/jobs/view/v%C3%ABzhgim-kamera-sigurie-at-acca19-4456530611,Vëzhgim Kamera Sigurie,,scraped,2026-08-27T23:15:06.313043,
435374350c62b875,https://al.linkedin.com/jobs/view/real-estate-specialist-at-century-21-albania-4455881482,Real Estate Specialist,,scraped,2026-08-27T23:15:15.188676,
7ecc7e3eb7aeab1f,https://al.linkedin.com/jobs/view/real-estate-agent-at-century-21-speed-4459847768,Real Estate Agent,Century 21 Speed,posted,2026-08-27T23:15:35.470058,1146
3365669e9552cfaf,https://al.linkedin.com/jobs/view/junior-ad-performance-manager-at-auto1-group-4457960713,Junior Ad Performance Manager,,scraped,2026-08-27T23:15:38.071982,
10f8c936f8ce9c2e,https://al.linkedin.com/jobs/view/procurement-specialist-at-kalaja-talent-consulting-4457262676,Procurement Specialist,,scraped,2026-08-27T23:15:45.568774,
e54705ce95f8f42c,https://al.linkedin.com/jobs/view/underwriter-at-kredo-al-4459303941,Underwriter,,scraped,2026-08-27T23:15:52.735525,
b4af17d4de237d48,https://al.linkedin.com/jobs/view/oficer-kredie-ne-tirane-at-fed-invest-4457762153,"Oficer kredie, ne Tirane",,scraped,2026-08-27T23:15:59.785322,
09af8221323e9f76,https://al.linkedin.com/jobs/view/junior-land-surveyor-at-balfin-construction-4457943278,Junior Land Surveyor,Balfin Construction,posted,2026-08-27T23:16:16.923986,1148
a87d1628db1fb3ee,https://al.linkedin.com/jobs/view/database-administrator-at-deel-4456507365,Database Administrator,Deel,posted,2026-08-27T23:16:25.849180,1150
ee93bf9284910d0b,https://al.linkedin.com/jobs/view/senior-dynamics-365-finance-operations-developer-at-peoplecert-4459172517,Senior Dynamics 365 Finance & Operations Developer,,scraped,2026-08-27T23:16:36.524496,
cfcceca6800e624f,https://al.linkedin.com/jobs/view/social-media-manager-at-mania-advertising-maniacard-4459322340,Social Media Manager,,scraped,2026-08-27T23:16:44.335083,
f1cec2ceb481eed3,https://al.linkedin.com/jobs/view/specialist-shitjesh-dhe-marrje-n%C3%AB-sigurim-at-sicred-sh-a-4459173074,Specialist Shitjesh dhe Marrje në Sigurim,,scraped,2026-08-27T23:16:53.371930,
bed7443547d7c4ca,https://al.linkedin.com/jobs/view/accountant-4459834649,Accountant,Albacem 21 Development,posted,2026-08-27T23:17:11.413257,174
b590c294cb83b1df,https://al.linkedin.com/jobs/view/commission-validation-senior-specialist-vois-at-vois-4454672609,Commission Validation Senior Specialist - VOIS,,scraped,2026-08-27T23:17:18.066628,
ba0007099733656f,https://al.linkedin.com/jobs/view/specialist-e-e-burimeve-njer%C3%ABzore-at-salillari-ltd-4457737913,SPECIALIST/E E BURIMEVE NJERËZORE,,scraped,2026-08-27T23:17:25.135335,
56a9d92dfe93573d,https://al.linkedin.com/jobs/view/sales-development-representative-at-amiy-4458769331,Sales Development Representative,,scraped,2026-08-27T23:17:33.027915,
8c4dbcda1a233971,https://al.linkedin.com/jobs/view/magazinier-at-omnes-agency-4459699183,Magazinier,,scraped,2026-08-27T23:17:42.479326,
c4e4cfa3837823db,https://al.linkedin.com/jobs/view/full-stack-technical-lead-java%2Breact-at-n-ix-4457457767,Full-stack Technical Lead (Java+React),,scraped,2026-08-27T23:17:51.462137,
2bd6c5f849c208fd,https://al.linkedin.com/jobs/view/staff-auditor-at-etix-audit-consultancy-4455853732,Staff Auditor,ETiX Audit &amp; Consultancy,posted,2026-08-27T23:18:06.903548,1152
844ef9734e75bee4,https://al.linkedin.com/jobs/view/ekonomiste-albanian-aluminium-foil-aaf-at-asel-albania-4456923693,Ekonomiste (ALBANIAN ALUMINIUM FOIL (AAF)),ASEL Albania,posted,2026-08-27T23:18:16.750640,1154
6dc78bbbdb8b75b1,https://al.linkedin.com/jobs/view/inxhinier-mekanik-4418772179,Inxhinier mekanik,Laser Project,posted,2026-08-27T23:18:21.039375,439
565d5e6b79fc3147,https://al.linkedin.com/jobs/view/cross-platform-mobile-developer-at-quotidiano-sanit%C3%A0-club-4458242220,Cross Platform Mobile Developer,,scraped,2026-08-27T23:18:25.707111,
5bc24ad7a23b6e80,https://al.linkedin.com/jobs/view/kierownik-kierowniczka-sklepu-at-dealz-poland-4457258934,Kierownik / Kierowniczka sklepu,,scraped,2026-08-27T23:18:33.193318,
ed3b70b24e1a23c2,https://al.linkedin.com/jobs/view/d-it-transformation-portfoglio-manager-at-vodafone-4453444500,D&IT Transformation & Portfoglio Manager,,scraped,2026-08-27T23:18:41.845663,
383fd262f37b919a,https://al.linkedin.com/jobs/view/designer-at-kontakt-al-4458005251,Designer,,scraped,2026-08-27T23:18:49.041182,
57a5ab2c91cec1e0,https://al.linkedin.com/jobs/view/cashier-of-ticketing-office-at-tirana-international-airport-4458753371,Cashier of Ticketing Office,,scraped,2026-08-27T23:18:56.335675,
1c4517a03d175453,https://al.linkedin.com/jobs/view/sales-manager-at-ovomaltine-albania-4459305435,Sales Manager,Ovomaltine Albania,posted,2026-08-27T23:19:05.868889,27
6ef5f1c5d11e1cf0,https://al.linkedin.com/jobs/view/coordinator-german-speaking-at-oracle-law-global-4457270327,Coordinator German Speaking,,scraped,2026-08-27T23:19:08.490598,
b300fbf0728eec8a,https://al.linkedin.com/jobs/view/lead-ai-technical-solution-sales-support-at-ericsson-4458654157,Lead AI Technical Solution Sales Support,,scraped,2026-08-27T23:19:21.971656,
fb429263f5832448,https://al.linkedin.com/jobs/view/virtual-assistant-at-cs-outsource-4457655265,Virtual Assistant,CS Outsource,posted,2026-08-27T23:19:33.521928,29
7e64b97c55d209fe,https://al.linkedin.com/jobs/view/agjent-imobiliar-at-tapu-invest-real-estate-4455872539,Agjent Imobiliar,,scraped,2026-08-27T23:19:36.185645,
4fed0354dd2e2f04,https://al.linkedin.com/jobs/view/german-teacher-at-akro-center-4455091879,German Teacher,,scraped,2026-08-27T23:19:42.875025,
ae4a064051d87a9a,https://al.linkedin.com/jobs/view/junior-php-developer-laravel-m-f-d-in-prishtina-kosovo-at-everhype-systems-4457281085,"Junior PHP Developer Laravel (m/f/d) in Prishtina, Kosovo",,scraped,2026-08-27T23:19:50.009015,
e588aefbc2202a61,https://al.linkedin.com/jobs/view/sales-account-intern-junior-associate-at-sostenertec-4456925788,Sales Account Intern/Junior Associate,Sostenertec,posted,2026-08-27T23:20:05.819042,1156
44a5973dd35ecf3c,https://al.linkedin.com/jobs/view/legal-specialist-in-higher-education-at-university-of-new-york-tirana-4457766244,Legal Specialist in Higher Education,University of New York Tirana,posted,2026-08-27T23:20:12.691674,959
f770fd620285c2bb,https://al.linkedin.com/jobs/view/salesforce-helpdesk-at-sd-worx-4457712898,Salesforce Helpdesk,,scraped,2026-08-27T23:20:15.407376,
c7e267db5c4a2a97,https://al.linkedin.com/jobs/view/senior-software-engineer-at-next-dental-lab-4457384456,Senior Software Engineer,Next Dental Lab,posted,2026-08-27T23:20:32.849356,1158
43875f79f042b7ef,https://al.linkedin.com/jobs/view/bi-vocational-pastor-at-alabama-baptist-state-board-of-missions-4454675017,Bi-vocational Pastor,Alabama Baptist State Board of Missions,posted,2026-08-27T23:20:42.467713,1160
09827b7ac50167c4,https://al.linkedin.com/jobs/view/software-engineer-code-repository-licensing-at-gramian-consulting-4459865887,Software Engineer (Code Repository Licensing),,scraped,2026-08-27T23:20:45.051829,
9f83dc3bd556ec5b,https://al.linkedin.com/jobs/view/online-data-analyst-albania-at-telus-digital-4459156539,Online Data Analyst - Albania,,scraped,2026-08-27T23:20:51.615036,
0104e4a39fee1435,https://al.linkedin.com/jobs/view/online-data-analyst-albania-at-telus-digital-ai-data-solutions-4460111422,Online Data Analyst Albania,TELUS Digital AI Data Solutions,posted,2026-08-27T23:21:06.088033,1162
5e4de4b1e07f56fc,https://al.linkedin.com/jobs/view/growth-manager-at-edushqip-4459151640,Growth Manager,,scraped,2026-08-27T23:21:08.723695,
0e89a5288ee86879,https://al.linkedin.com/jobs/view/audit-staff-senior-at-lmc-tirana-4458763073,Audit Staff/Senior,,scraped,2026-08-27T23:21:21.095823,
cea97e8078fa011c,https://al.linkedin.com/jobs/view/business-operations-reporting-analyst-albania-at-deloitte-4456950023,Business Operations & Reporting Analyst | Albania,Deloitte,posted,2026-08-27T23:21:35.031848,1164
63d2b285eb310983,https://al.linkedin.com/jobs/view/database-administrator-at-deel-4456505373,Database Administrator,Deel,scraped,2026-08-27T23:21:43.125667,
3247dd634bb5012e,https://al.linkedin.com/jobs/view/kasjer-sprzedawca-kasjerka-sprzedawczyni-pe%C5%82ny-etat-at-dealz-poland-4455887694,Kasjer-Sprzedawca / Kasjerka-Sprzedawczyni (pełny etat),,scraped,2026-08-27T23:21:49.649876,
c9af7aab7bf05f71,https://al.linkedin.com/jobs/view/lider-liderka-zmiany-1-2-etatu-at-dealz-poland-4455870853,Lider / Liderka zmiany (1/2 etatu),,scraped,2026-08-27T23:21:57.405883,
279fd9e838f24f3c,https://al.linkedin.com/jobs/view/lider-liderka-zmiany-1-2-etatu-at-dealz-poland-4455889694,Lider / Liderka zmiany (1/2 etatu),,scraped,2026-08-27T23:22:15.451613,
8608df88bb65de20,https://al.linkedin.com/jobs/view/face-deduplication-collection-albania-at-telus-digital-ai-data-solutions-4458711905,Face Deduplication Collection (Albania),TELUS Digital AI Data Solutions,posted,2026-08-27T23:22:29.433593,1166
a39bc37340e54099,https://al.linkedin.com/jobs/view/praca-dodatkowa-w-sklepie-dealz-at-dealz-poland-4455868860,Praca dodatkowa w Sklepie Dealz,,scraped,2026-08-27T23:22:35.957709,
3cad909a59caf52e,https://al.linkedin.com/jobs/view/praca-dodatkowa-w-sklepie-dealz-at-dealz-poland-4455875858,Praca dodatkowa w Sklepie Dealz,,scraped,2026-08-27T23:22:49.543211,
613ff8c7e98ce28d,https://al.linkedin.com/jobs/view/praca-dodatkowa-w-sklepie-dealz-at-dealz-poland-4455868862,Praca dodatkowa w Sklepie Dealz,,scraped,2026-08-27T23:22:57.313190,
5291aab7b0cee0ac,https://al.linkedin.com/jobs/view/praca-dodatkowa-w-sklepie-dealz-at-dealz-poland-4455890426,Praca dodatkowa w Sklepie Dealz,,scraped,2026-08-27T23:23:04.637404,
da0b84c2e117bff8,https://al.linkedin.com/jobs/view/praca-dodatkowa-w-sklepie-dealz-at-dealz-poland-4455890430,Praca dodatkowa w Sklepie Dealz,,scraped,2026-08-27T23:23:12.720220,
